Author(s),Central claim,DOI or URL,Gap or limitation,Journal or Proceedings,Key concepts or framework,Paper Title,Quotable moment,Relevance to argument,Synthesis paragraph,Year,Thread,Reviewers
"Hicks, D., Kingsley, G., & Isett, K.R.","The paper argues that U.S. state governments respond to the uncertainty of autonomous vehicle technology through two distinct advisory processes: an ""expert"" mode, in which administrative agencies commission technically credible reports from universities or their own engineering staff, and a ""convening"" mode, in which political actors such as governors assemble broad stakeholder task forces to build legitimacy for their recommendations.",https://doi.org/10.1093/polsoc/puae041,"The study can only analyze reports that were findable online, so it likely misses advice generated informally or through channels that were never published, and its measures of legitimacy and credibility are based on report characteristics like length and references rather than on whether the advice changed any actual policy outcome.",Policy and Society,"Policy advisory system: the network of committees, agencies, and outside experts that governments draw on to make sense of an emerging technology. 
Salience, legitimacy, and credibility: the three qualities that determine whether knowledge is seen as useful to a policymaker. 
Expert versus convening mode: two contrasting approaches to gathering advice, one prioritizing technical rigor and the other prioritizing broad participation. 
Task force: a stakeholder group assembled by a governor's office to represent multiple interests in a policy report.",Steering the future: expert knowledge and stakeholder voices in autonomous vehicle policy reports,"""The value tends to lie in the engagement, which creates a community of interest"" (Discussion, pg 19)","This paper directly names the ""regulators"" our item calls for and shows how even AV policymaking processes explicitly designed to seek public legitimacy still route almost entirely through government officials, consultants, and industry representatives. It is useful evidence that the discourse treats broad ""stakeholder engagement"" as a matter of assembling the right experts and interest groups, not of consulting the communities the technology will actually operate in.","Read together, these papers answer our question with striking consistency: engineering and safety-dominant AV discourse centers the people who build, certify, and optimize the machine, and treats everyone else as a factor to be managed. Regulators gather experts rather than communities. Trust becomes a number to fine-tune. Take-over, pedestrian signaling, and traffic flow are all measured for reaction time and road capacity. Even older adults and pedestrians show up mainly as groups to be screened, tracked, or moved along faster. What stands out, though, is not that community need is missing, but that it keeps appearing and then getting turned away. Several studies do touch on the human, relational side of mobility, a rider trusting an operator, a passenger sharing a seat, fairness in who gets picked up, only to fold that insight back into brand acceptance, compliance, or in one case reporting non-compliant road users to the police. The field clearly has the language to treat mobility as a social relationship. It simply chooses not to. That choice is the gap our argument steps into.",2025,Engineering/Safety,"Amy, Saanvi"
"London, A.J. & Danks, D.","The paper argues that the one-time safety certification used for conventional vehicles is unsuited to autonomous vehicles, because an AV's competence is not a fixed property of the vehicle but depends heavily on the specific conditions it operates in and continues to change after deployment through software updates; the authors propose regulating AVs more like pharmaceuticals, with staged approval and ongoing post-market monitoring.",https://doi.org/10.1145/3278721.3278763,"The drug-approval analogy leaves an important difference unaddressed: a patient consents to take a specific drug, while pedestrians and neighbors who never opted in are exposed to an AV's failure modes, and the paper does not test or validate its proposal against any real regulatory case.","AAAI/ACM Conference on AI, Ethics, and Society (AIES '18)","Operational design domain: the specific set of road, weather, and traffic conditions within which an AV is actually competent to drive itself. 
Staged regulatory approval: a phased release process, expanding a system's permitted use only as safety data accumulates, modeled on how new drugs are approved. Post-market surveillance: continuous monitoring of a system's real-world performance after deployment, rather than a single pass or fail test at the outset.",Regulating Autonomous Vehicles: A Policy Proposal,"""Moreover, unlikeclinical drug trials where participants can provide informedconsent, the use of AVs on public roadways will potentiallyaffect many individuals who never gave such consent"" (Pros, Cons and Realism, pg 221)","This is a clear example of AV governance being framed purely as an engineering-certification problem: the entire proposal is about how regulators can verify a machine is safe, with no discussion of who decides an AV should be deployed in a given community or what purpose it should serve there.",,2018,Engineering/Safety,"Amy, Saanvi"
"Robles, P. & Mallinson, D.J.","The paper argues that the early spread of autonomous vehicle policy across U.S. states is driven mainly by policy learning, meaning states adopt similar rules because they are watching and copying one another and consulting shared intergovernmental organizations and industry groups, rather than because states are competing against each other to attract AV companies.",https://doi.org/10.1177/0160323X241262816 ,"Only 13 of 100 invited officials agreed to be interviewed, a 13 percent response rate, and the statistical model cannot fully separate policy learning from competitive pressure as the actual driving mechanism, a limitation the authors themselves acknowledge.",State and Local Government Review,"Policy diffusion: the process by which a policy innovation spreads from one government to another over time. 
Dyadic event history analysis (DEHA): a statistical method that models pairs of states, one that has adopted a policy and one that has not, to detect which factors predict the second state adopting it too. 
Network governance: the idea that policy decisions emerge from a web of state agencies, private industry, and intergovernmental bodies rather than from a single legislature acting alone.",Policy Learning and the Diffusion of Autonomous Vehicle Policy in the American States,"""While we demonstrate that learning is a key feature of the early spread of this policy innovation, one cannot ignore the growing competitive economic pressures facing the states."" (Conclusion)","This paper offers a current, well-evidenced picture of AV regulation as an insider conversation among state governments and industry, reinforcing the argument's claim that regulatory discourse names throughput, economic competitiveness, and interstate learning as its central concerns rather than resident or rider need.",,2024,Engineering/Safety,"Amy, Saanvi"
"Alkurdi, D. & Alsaid, A.","The paper argues that trust in Level 3 automated vehicles, where control shifts back and forth between the system and the driver, is shaped by six overlapping categories of factors, but that the underlying evidence base is so heavily concentrated in driving simulators and self-report surveys that current knowledge of how trust actually behaves in real-world driving remains limited.",https://doi.org/10.1177/10711813251369499,"The search covered only two databases, ACM Digital Library and Scopus, and was restricted to English-language studies, which the authors acknowledge may exclude relevant interdisciplinary or international research; as a review of existing work, it also cannot generate any new evidence beyond what the underlying 80 studies already found.","Proceedings of the Human Factors and Ergonomics Society Annual Meeting, 69(1), 1281-1283","Trust calibration: the idea that a driver's trust should match the automation's true competence, neither too high nor too low. 
PRISMA-guided review: a standardized method for searching, screening, and selecting studies for inclusion in a systematic review, used here to identify 80 eligible papers. 
Ecological validity: the extent to which findings from a controlled study, such as one run in a driving simulator, would hold up in real-world conditions.",Trust in Level 3 Automated Vehicles: A Systematic Literature Review,"""The review also revealed that research on trust in L3 driving remains largely confined to controlled environments, with 92.5% of studies conducted in simulators and only 7.5% in real-world settings."" (Outcome, pg 3)","This review provides recent, comprehensive evidence for the argument's claim that trust is treated as an individually measured psychological variable rather than a socially or relationally built property, and its own finding that over 90 percent of studies rely on simulators and surveys underscores how narrow the field's methods are.",,2025,Engineering/Safety,"Amy, Saanvi"
"Lee, J.D. & Kolodge, K.","The paper argues that consumers' trust in self-driving vehicles can be reverse-engineered from the open-ended comments attached to their survey ratings, and that because almost no respondent has actually ridden in one, this trust rests on societal and relational expectations, of manufacturers, brands, and government safety assurance, rather than on any direct experience of the vehicle itself.",https://doi.org/10.1177/0018720819872672 ,"Every respondent was a driver who had never experienced a self-driving vehicle and was therefore forced to imagine it, and the authors concede that availability bias, demographic variation, and the assumption that measured attitudes predict behavior all limit the findings, with availability, privacy, and fairness explicitly set aside as less salient than safety.","Human Factors: The Journal of the Human Factors and Ergonomics Society, 62(2), 260-277","Structural topic modeling (STM): a text-analysis method that treats words as data to surface recurring themes across thousands of open-ended comments, while letting outside variables such as the trust rating and survey year shift which themes appear. 
Dread risk: a heightened, disproportionate sense of risk attached to hazards that feel uncontrollable, unobservable, and catastrophic, which can depress trust regardless of a system's actual safety record. 
Disappointment, violation, and betrayal: three escalating readings of an automation failure, a mundane performance lapse, a broken social norm, or a fundamental breach of purpose, with the latter two doing far more damage to trust. 
Societal and relational trust: trust borrowed from expectations about institutions and from experience with analogous technologies, leaned on when a person has no direct experience of the system itself.",Exploring Trust in Self-Driving Vehicles Through Text Analysis,"""For example, the algorithms for sending a vehicle to pick up a passenger might be unfair and biased toward certain socioeconomic groups, similar to the
biases that have emerged in Uber’s ride request algorithms (Hanrahan, Ma, & Yuan, 2017), and algorithms more generally (Courtland, 2018)."" (Limitations and Generalization, pg 16)","This is a strong trust-in-automation anchor because it treats trust as something to be reverse-engineered from consumer ratings so that manufacturers can cultivate acceptance, reinforcing the argument's claim that the field measures trust as an individual attitude to be managed. Notably, it surfaces the very relational and societal bases of trust our thread cares about, then routes them back toward brand and manufacturer strategy rather than community authority. In its own limitations it even concedes that the algorithms dispatching a vehicle to a passenger may be biased against certain socioeconomic groups, but files this under future concerns less salient than safety.",,2020,Engineering/Safety,"Amy, Saanvi"
"Kraus, J., Scholz, D., Stiegemeier, D., & Baumann, M.","The paper argues that a driver's trust in an automated vehicle is a dynamic quantity continuously recalibrated in a feedback loop as the system performs: it climbs steadily during error-free driving, dips temporarily after take-overs and malfunctions, recovers as error-free operation resumes, and can be shielded from that dip altogether by giving the driver transparent information about the system's limitations beforehand.",https://doi.org/10.1177/0018720819853686,"The studies ran in a low-risk simulator with young, mostly student samples experiencing only single, mild malfunctions, and the authors concede that real-world risk, repeated or high-consequence malfunctions, and behavioral rather than self-reported trust measures all remain untested; nothing in the design speaks to riders who never take control.","Human Factors: The Journal of the Human Factors and Ergonomics Society, 62(5), 718-736","Trust calibration: matching a driver's level of trust to the automation's actual capabilities so the driver neither over-relies (misuse) nor under-relies (disuse) on the system. 
Dynamic trust model and updating feedback loop: the authors' framework in which trust is continuously revised as expectations formed before the drive are compared against the system's observed behavior during it. 
Take-over request (TOR): the system's handback of control to the driver when it reaches a condition it was not designed to handle. 
System transparency: how much a system discloses about its own limits and likely failures, here as advance information that inoculates trust against the shock of a malfunction.","The More You Know: Trust Dynamics and Calibration in Highly Automated Driving and the Effects of Take-Overs, System Malfunction, and System Transparency","""At the same time, an understanding of these processes seems important, as calibrated trust may serve as a benchmark for safe and efficient design of driving automation and the associated interaction strategies in terms of information provided prior to (tutorials, user guides, marketing, and training) and during system use (human-machine interface [HMI] concepts)."" (Introduction, pg 719)","This is a paradigmatic trust-in-automation anchor: trust is operationalized as a repeatedly measured scalar and framed explicitly as a benchmark for safe and efficient design, supporting the argument's claim that the discourse treats trust as an engineering control variable to be calibrated rather than a relational, accountability-based bond. It complements Lee and Kolodge by supplying the in-vehicle, simulator-based experimental version of the same reduction.",,2020,Engineering/Safety,"Amy, Saanvi"
"Zhang, B., de Winter, J., Varotto, S., Happee, R., & Martens, M.","The paper argues that drivers do not take over control from an automated vehicle as quickly as they are physically able to; instead, take-over time is shaped mainly by the urgency of the situation, the modality of the alert, and prior experience with take-overs, while handling a handheld device during automated driving substantially slows the response.",https://doi.org/10.1016/j.trf.2019.04.020 ,"All 129 included studies were conducted with ordinary working-age adult drivers, almost entirely in simulators rather than on real roads, so the meta-analysis has no data on elderly drivers, disabled drivers, or non-drivers, and it measures take-over time only, not whether the resulting maneuver was actually a safe one.","Transportation Research Part F: Traffic Psychology and Behaviour, 64, 285-307","Take-over time (TOT): the interval between the onset of a take-over request or a critical event and the moment the driver actually intervenes. 
Meta-analysis: a statistical technique for combining results across many separate studies to identify overall patterns, here using three complementary methods. 
Non-driving related task (NDRT): any secondary activity, such as reading or using a phone, that a driver engages in while the vehicle drives itself. 
Time budget: the amount of time available before a hazard must be addressed.",Determinants of take-over time from automated driving: A meta-analysis of 129 studies,"""The use of a handheld device strongly increased the mean TOT"" (Results, Pg 12)","As the most comprehensive quantitative synthesis in the take-over literature, this paper is strong evidence for how the field's core vocabulary, time budgets, urgency levels, and take-over quality, is built entirely around efficiency and safety-margin optimization rather than around the purpose or context of the trip being taken.",,2019,Engineering/Safety,"Amy, Saanvi"
"Peng, Q., Wu, Y., Qie, N., & Iwaki, S.","The paper argues that older drivers' weaker performance after a take-over request is better explained by specific executive-function abilities, particularly the ability to shift between tasks and update working memory, than by chronological age itself.",https://doi.org/10.1038/s41598-022-08522-4 ,"The driving task used a desktop simulator rather than a higher-fidelity setup, so part of the measured correlation between cognitive scores and driving performance may reflect general comfort with computer-based tasks rather than driving ability specifically, and the sample of 70 participants was drawn from a single Japanese city, limiting how broadly the findings generalize.","Scientific Reports, 12, 5410","Executive function: a set of higher-order cognitive control processes, broken down here into updating, inhibition, and shifting, each measured through a dedicated computerized task. 
Principal component analysis (PCA): a statistical technique that distills many separate test scores into a smaller number of underlying cognitive components. 
Take-over performance: operationalized in this study as the steadiness of steering after a take-over request and the time-to-collision at the moment of a lane change.",Age-related effects of executive function on takeover performance in automated driving,"""Similarly, our findings can guide quick screening for elderly drivers’ cognitive status for a TOR of highly automated vehicles, such as an exam for elderly drivers’ license updating, or a lite system monitoring the cognitive status of elderly drivers."" (Application)","This is the sub-theme's paper most directly relevant to an aging population: it treats older adults' relationship with automated vehicles almost entirely as a safety and cognitive-performance question to be measured and screened, illustrating how even research focused on an underserved group still frames that group through an engineering-safety lens rather than a service or relational one.",,2022,Engineering/Safety,"Amy, Saanvi"
"Pedroff, J.","The paper argues that no single external human-machine interface design is best for every purpose: text-based displays give pedestrians the clearest understanding of a vehicle's intent, light-bar signals produce the fastest reaction time, and designs that convey a vehicle's actual yielding intent consistently outperform designs that only show whether the vehicle is in automated mode.",https://doi.org/10.1177/10711813251370731 ,"The search was restricted to studies published in the last five years and written in English, and it explicitly excluded video-based, non-immersive studies, so it may miss earlier foundational work; nearly every included study also tested only a single pedestrian crossing in front of a single vehicle, leaving open how these signals would perform with multiple pedestrians or vehicles present at once.","Proceedings of the Human Factors and Ergonomics Society Annual Meeting, 69(1), 1198-1203","External human-machine interface (eHMI): any external signal, text, icon, light bar, or projection, that an automated vehicle uses to communicate with pedestrians in place of a driver's eye contact or hand gestures. 
Static versus dynamic eHMI: a static display shows only the vehicle's automation state, while a dynamic display conveys richer, situation-specific information such as yielding intent. 
Crossing initiation time (CIT): how quickly a pedestrian begins to cross after seeing a signal, the field's primary safety and efficiency outcome measure.",Where to Look? A Review of External Autonomous Vehicle Signaling to Increase Pedestrian Safety,"""While visual eHMI concepts have numerous demonstrated
benefits to pedestrian crossing and safety, one drawback is
that the user must be looking at the interface to derive its
meaning."" (Results, pg 1200)","As a 2025 update to the interaction-level AV literature, this review confirms that even the newest external-communication research remains organized entirely around signal design and crossing-time optimization, supporting the argument's claim that AV-pedestrian interaction is framed as a communication-design problem rather than a question of community access or consent.",,2025,Engineering/Safety,"Amy, Saanvi"
"Lee, M.B., Lee, C.T., Abas, M.A., & Chong, W.W.F.","The paper argues that research on autonomous vehicles and pedestrian safety, based on a bibliometric analysis of 368 publications from 2013 to 2023, clusters into three main areas, behavioral and interaction studies, collision-avoidance technology, and statistical risk analysis, but that the field's heavy reliance on controlled tests leaves policymakers without the real-world evidence needed to write effective regulations.",https://doi.org/10.1016/j.jtte.2024.05.004 ,"Because a bibliometric analysis only counts and maps existing publications, it cannot evaluate whether the most-cited studies actually reached correct or generalizable conclusions, only that they were widely read and cited, so it offers no independent evidence about pedestrian experience or need.","Journal of Traffic and Transportation Engineering (English Edition), 12(4), 772-794","Bibliometric analysis: a quantitative method for mapping a research field by studying patterns of publication, citation, and co-citation rather than reading each paper individually. 
Co-citation network: a map of which journals or papers tend to be cited together, revealing how different parts of a field relate to one another. 
Research cluster: a group of thematically related studies identified through the bibliometric mapping process.",Advancing pedestrian safety in the era of autonomous vehicles: A bibliometric analysis and pathway to effective regulations,"""Pedestrians account for 54% of the annual road traffic death toll of over 1.35 million fatalities (World Health Organization, 2018)."" (Introduction)","This paper offers a bird's-eye confirmation of the argument's central claim from a different angle: even mapped across the entire published literature, AV-pedestrian safety research is dominated by engineering and statistical approaches, with policy explicitly named as an underdeveloped area still catching up to the technology.",,2025,Engineering/Safety,"Amy, Saanvi"
"Kooijman, L., Happee, R., & de Winter, J.C.F.","The paper argues that when pedestrians are allowed to actually step into the road instead of merely imagining it, the presence of an eHMI on a yielding vehicle measurably speeds up their crossing, prompting them to leave the curb sooner and walk faster, with a text display outperforming front brake lights, and that a head-mounted display paired with a full-body motion suit can read a pedestrian's crossing intention directly from body motion in ways surveys and button-presses cannot.",https://doi.org/10.3390/info10120386,"The study ran with only 24 mostly young, student participants in a controlled single-pedestrian, single-crossing virtual scene with no real traffic, no bidirectional flows, and no other pedestrians, and the authors concede a scripting error forced them to drop one condition and that the motion suit added usability problems without clearly improving immersion, leaving open how these signals behave in genuinely complex, shared, community traffic.","Information, 10(12), 386","External human-machine interface (eHMI): an external signal on a vehicle, here a text display reading ""walk""/""don't walk"" or front brake lights, meant to replace the driver's cues and tell a pedestrian whether it is safe to cross. 
Objective versus subjective crossing measures: the paper's distinction between what pedestrians say (survey ratings, button presses) and what their bodies do (forward gait velocity, moment of leaving the curb, thorax angle), captured here with motion sensors. 
Forward gait velocity as a safety index: the assumption that faster forward walking signals a pedestrian's perceived safety, used as the study's main objective outcome. 
Perceptual fidelity: how closely a given method (survey, VR headset, motion suit, field test) reproduces a real crossing, which the paper treats as the key axis for choosing how to evaluate eHMIs.",How Do eHMIs Affect Pedestrians' Crossing Behavior? A Study Using a Head-Mounted Display Combined with a Motion Suit,"""Additionally, the 3D recording of pedestrians in crossing situations could be beneficial to perception and modeling research (e.g., [40,41]), where the goal is to have self-driving vehicles detecting the posture of pedestrians and infer their crossing intention."" (Discussion, future research)","This is a strong external-HMI anchor because it treats the pedestrian encounter purely as a signal-legibility and crossing-speed optimization problem, extending the field's usual survey and button methods into full-body motion capture so that crossing intention can be read off the body itself, supporting the argument's claim that AV-pedestrian interaction is framed as a communication-design problem measured in reaction time and gait rather than a question of who has standing to shape the street. Its closing suggestion that vehicles could detect pedestrians' posture to infer their intent shows the same instrument turned toward surveillance of the road user.",,2019,Engineering/Safety,"Amy, Saanvi"
"Pimenta, A.R., Kamruzzaman, M., & Currie, G.","The paper argues that autonomous vehicles will reshape cities unevenly depending on how they are owned and operated: shared autonomous vehicles tend to free up parking and support denser, more efficient city centers, while privately owned autonomous vehicles tend to encourage urban sprawl and lower-density suburban growth.",https://doi.org/10.1080/01441647.2023.2189325 ,"The review explicitly notes that no reviewed study considered whether parking land freed up by autonomous vehicles could be intentionally redirected toward community-defined uses such as affordable housing, rather than left to market-driven redevelopment; it also excludes autonomous mass transit and aerial taxis, narrowing which built-environment effects it can address.","Transport Reviews, 43(6), 1083-1117","Causal loop diagram (CLD): a visual method for mapping cause-and-effect relationships and feedback loops between variables such as parking demand, density, and accessibility. 
Shared versus private autonomous vehicles (SAV/PAV): the two dominant ownership and operating models the review compares throughout. 
Empty-cruising: an autonomous vehicle driving without passengers, either searching for free parking or returning to a base, which affects congestion and land use. 
Built environment: the physical, human-made features of a city, including parking, density, land use mix, and street design.",Long-term effects of autonomous vehicles on the built environment: a systematic scoping review towards conceptual frameworks,"""For example,SAVs may likely contribute to increasing residential and employment densities in the CBD"" (Conclusion, Pg 1107 )","As a comprehensive and recent throughput and urban-planning anchor, this review shows that even the most holistic synthesis of autonomous vehicle effects on cities still frames the built environment as something engineered and forecast from above, never as something a community actively shapes.",,2023,Engineering/Safety,"Amy, Saanvi"
"Park, J., Jang, S., & Ko, J.","The paper argues that converting a regular expressway lane into an autonomous-vehicle-exclusive lane only improves traffic efficiency once autonomous vehicles make up roughly 20 to 30 percent of all traffic; below that threshold, the exclusive lane sits underused while human-driven traffic is squeezed into fewer lanes, worsening congestion.",https://doi.org/10.3390/su16010026,"The authors acknowledge that their model assumes current travel patterns stay fixed and does not account for new trips people might make once autonomous vehicles are available, including trips by people who could not previously drive; the capacity-gain figures are also borrowed from a U.S. engineering manual that may not fully reflect Korean road conditions.","Sustainability, 16(1), 26","Market penetration rate (MPR): the percentage of vehicles on the road that are autonomous, the study's key threshold variable. 
Capacity gain: the increase in road throughput that autonomous vehicles enable through shorter following distances and faster reaction times. 
Vehicle-kilometers traveled (VKT) and total time spent (TTS): the two primary traffic-performance metrics tracked in the simulation.",Effects of Exclusive Lanes for Autonomous Vehicles on Urban Expressways under Mixed Traffic of Autonomous and Human-Driven Vehicles,"""This study suggests that the introduction of AV-exclusive lanes cannot be guaranteed to be effective at MPR levels below 20 to 30%, given the assumed capacity gains provided by HCM. (Results and Discussion section)","This is a clean, current example of throughput optimization as the field's guiding logic: the entire study is organized around the question of at what percentage of adoption a policy maximizes network efficiency, with no reference to who is traveling or for what purpose.",,2024,Engineering/Safety,"Amy, Saanvi"
"Lu, Q., Tettamanti, T., Hörcher, D., & Varga, I.","The paper argues that raising the share of autonomous vehicles lifts an urban road network's capacity in a roughly linear way, by about 16% in a simulated grid network and about 24% in a real Budapest network at full automation, because autonomous vehicles keep shorter headways and react faster, and it offers a generalized additive model for fitting the macroscopic fundamental diagram at any penetration rate.",https://doi.org/10.1080/19427867.2019.1662561,"The study models only capacity under fixed, simulated demand with no connected-vehicle communication, and says nothing about who travels, why, or whether higher throughput translates into access; the authors also note their gains fall below some prior single-intersection estimates because network-level vehicle accumulation was included, underlining that the analysis is purely a flow-optimization exercise.","Transportation Letters: The International Journal of Transportation Research, 12(8), 540-549","Macroscopic fundamental diagram (MFD): a network-level model relating traffic flow, vehicle density, and average speed, used here as the basic description of a road network's capacity. 
Market penetration rate: the share of vehicles on the network that are autonomous, stepped from 0% to 100% as the study's main independent variable. 
Headway and reaction time: the following distance and response delay between vehicles; because autonomous vehicles are modeled with shorter, faster values, they push more flow through the same road.
 Generalized additive model (GAM): a semiparametric regression the authors use to fit the speed-density relationship without assuming its exact shape, then convert it into the flow-density curve.",The impact of autonomous vehicles on urban traffic network capacity: an experimental analysis by microscopic traffic simulation,"""The paper investigates the impactsof AVs, with a special spotlight on the eﬃciency of utilizing theexisting infrastructure, namely, the capacity of the road network. (Introduction, pg 540)","This is a clean, current throughput anchor: its stated goal is the efficiency of utilizing existing infrastructure, and its entire contribution is a capacity percentage recovered from simulated flow, with humans present only as vehicle counts, supporting the argument's claim that the field measures the value of automated mobility as network throughput rather than as who is served or for what purpose. It even opens by framing new road construction as too costly and instead prizes extracting more capacity from the roads already there, never asking whom that recovered capacity is for.",,2020,Engineering/Safety,"Amy, Saanvi"
"Palatinus, Z., Volosin, M., Csabi, E., Hallgato, E., Hajnal, E., Lukovics, M., Pronay, S., Ujhazi, T., Osztobanyi, L., Szabo, B., Kralik, T., & Majo-Petri, Z.","The paper argues that riding in a genuinely self-driving vehicle produces measurably different brain and eye-movement patterns than riding with a human driver, showing less positive emotional affect on EEG measures during the autonomous condition even though overall alertness remained similarly high, suggesting people respond to autonomous vehicles with physiological caution that goes beyond what they report in surveys.",https://doi.org/10.1038/s41598-022-17049-7 ,"The authors describe the study as an exploratory pilot, and the same ride order, human-driven first, then autonomous, was used for every participant rather than being randomized, so an order effect may account for some of the reported differences, a limitation the authors note directly.","Scientific Reports, 12, 13312","Frontal alpha asymmetry: an EEG measure comparing left and right frontal brain activity, used here as an index of positive versus negative emotional orientation. 
Multifractal spectrum width: a complexity measure derived from eye-tracking data indicating how many distinct underlying processes are shaping a person's eye movements. 
UTAUT2 (Unified Theory of Acceptance and Use of Technology): the standard survey-based technology-acceptance framework the study aims to supplement with physiological rather than purely self-reported data.",Physiological measurements in social acceptance of self driving technologies,"""We found an overall narrower MF spectrum width in the Autonomous condition. Regarding EEG, frontal alpha asymmetry values were higher in the Human condition compared to the Autonomous condition, while arousal levels did not differ between the two conditions."" (Discussion)","As one of relatively few studies placing real riders in a real, moving autonomous vehicle rather than a simulator, this paper is a methodologically distinct anchor for the acceptance sub-theme, but it still frames acceptance as an individual, measurable affective state rather than something built through a familiar or trusted service relationship.",,2022,Engineering/Safety,"Amy, Saanvi"
"Zoellick, J.C., Kuhlmey, A., Schenk, L., Schindel, D., & Bluher, S.","The paper argues that while 125 real riders surveyed immediately after an actual ride in a shared electric autonomous shuttle reported high acceptance, trust, and intention to use, the researchers' own statistical tests show that the standard survey scales used across the field to measure these attitudes do not hold together as cleanly as assumed, raising doubts about what prior acceptance research has actually been measuring.",https://doi.org/10.1371/journal.pone.0215969 ,"The sample was self-selected, young, and drawn from visitors to a public science event riding a slow, twelve kilometer-per-hour shuttle on private land with a safety operator aboard, and the authors themselves caution against generalizing beyond this specific group or to sustained, repeated use over time.","PLOS ONE, 14(5), e0215969","Technology acceptance constructs: the standard set of attitude measures, including acceptance, trust, perceived safety, and intention to use, adapted from general technology-acceptance research and applied here to autonomous vehicles. 
Construct validity: whether a survey scale genuinely measures the distinct concept it claims to, tested here through factor analysis. 
Hypothetical bias: the concern that people's stated attitudes toward autonomous vehicles in an imagined scenario may not reflect how they would actually feel after real exposure.",Assessing acceptance of electric automated vehicles after exposure in a realistic traffic environment,"""Participants accepted and trusted the electric AVs, perceived them as safe, and intended to use one in the future. Participants were amused, surprised, and not afraid after the ride with an electric AV. (Summary)","This paper is a strong methodological complement to Palatinus et al., offering real riders in realistic though low-speed conditions rather than a simulator, and its qualitative finding that a human safety operator meaningfully shaped riders' perceptions is a rare moment in this literature where a rider's relational experience of the ride surfaces at all, even though the researchers treat it as a confounding variable to control for rather than something to design around.",,2019,Engineering/Safety,"Amy, Saanvi"
"Nordhoff, S., Stapel, J., van Arem, B., & Happee, R.","The paper argues that passengers' perceived safety in a driverless shuttle is assembled from concrete vehicle- and environment-level cues, low speed, smooth braking, the emergency button, operation on a controlled route, and that the successful integration of automated shuttles therefore depends on engineering these perceptions and on managing how outside pedestrians and cyclists interact with the vehicle.",https://doi.org/10.1016/j.tra.2020.05.009 ,"Passengers only imagined interacting with the shuttle as pedestrians or cyclists rather than actually doing so, the vehicle ran slowly on a controlled private campus with a hidden steward aboard, and the sample was self-selected from mobility-project and meetup participants, so the authors caution that perceived safety in faster, genuinely driverless, mixed-traffic conditions remains untested.","Transportation Research Part A: Policy and Practice, 138, 508-524","Perceived safety: a passenger's subjective feeling of safety, distinct from actual safety, decomposed here into vehicle-, individual-, and environment-related factors and treated as the central precondition for acceptance. 
Hidden safety steward: a human operator disguised as a 'minute writer' so riders experience the shuttle as genuinely driverless, keeping the study's safety net from inflating perceived safety. 
Incidental or vulnerable road users: pedestrians and cyclists who never chose to interact with the shuttle but must negotiate it anyway, whose acceptance the paper treats as a second necessary condition for deployment. 
Testing behavior: the tendency of passengers to press the emergency button and of outside road users to step in front of the shuttle to probe its limits, which the paper reads as distrust, curiosity, or a problem to be managed.",Passenger opinions of the perceived safety and interaction with automated shuttles: A test ride study with 'hidden' safety steward,"""Manufacturers, vehicle operators, and the media should educate the public that the testing of automated vehicles could jeopardize the safety and efficiency benefits of vehicle automation."" (Discussion, sec. 4.2)","This is the acceptance sub-theme's most community-adjacent anchor, real riders in a real moving vehicle, whose relational cues such as sharing the ride and trusting a responsible transport operator briefly surface, yet it still frames the whole encounter as perceived safety to be optimized for successful deployment. Its remedies for road users who negotiate with the shuttle run toward educating them, redesigning the vehicle for compliance, or sanctioning them, rather than accommodating their needs, showing exactly where the mainstream approaches a service or relational framing and then turns back.",,2020,Engineering/Safety,"Amy, Saanvi"
Levine,"Disabled transit riders in Austin and Seattle face similar first and last mile barriers despite different transit systems and geographies, shaped by intersectionality, social context, built environment quality, confidence, and relationships with public agencies. Disabled voices are systematically excluded from planning, perpetuating inequitable outcomes.",https://doi.org/10.1016/j.jpubtr.2024.100086,"The sample was recruited through advocacy networks and email, skewing toward riders already engaged with accessibility issues and excluding disabled people without internet access.","Journal of Public Transportation, 26, 100086","Mobility justice: multi-scalar framework examining how the built environment reproduces privilege and power beyond basic accessibility. First and last mile: trip segments connecting riders to fixed transit, where accessibility gaps concentrate. Intersectionality: overlapping identities shaping distinct travel burdens.","""The bus is accessible, but how do you get to the bus"": First and last mile experiences of disabled transit riders","""The bus is accessible, but how do you get to the bus?"" (p. 5).","Supports both halves of the claim. Mobility access is unevenly distributed by disability type, gender, and race even in cities with strong accessibility investment, and infrastructure built to minimum ADA standards without disabled riders' participation reproduces exclusion along the first and last mile. Participants report being seldom in the room when transportation decisions are made, and describe the active transportation engagement process itself as white and male dominated.","This paper grounds both the uneven distribution and exclusion-from-participation claims in first-person accounts, showing that even accessibility-focused cities produce disproportionate travel burdens when planners ignore first and last mile segments and exclude disabled riders from decision-making. It argues meaningful engagement, not compliance alone, is necessary for equitable mobility infrastructure.",2024,Equity,"Shashi, Aditya"
Zhang et al.,"A systematic review of 138 papers finds the elderly experience the highest inequality in public transport resource distribution among disadvantaged traveler groups. It synthesizes a four part framework, opportunity accessibility, physical accessibility, age friendly informationalization, and cost affordability, for transport inclusion policy.",https://doi.org/10.1016/j.jtte.2024.04.001,"The evaluation framework assumes public transit dependent cities and fits poorly in car dependent or rural contexts, and it pools evidence on other disadvantaged groups without a participatory method to test the framework directly.","Journal of Traffic and Transportation Engineering (English Edition), 11(2), 312-347","Transport related social exclusion: marginalization from daily activities caused by inadequate transport across accessibility, physical, information, and economic dimensions. Capability approach: evaluates inclusion by whether services convert into real capabilities. Spatial production theory: transport spaces shape perceived social inclusion.",Public transport inclusion and active aging: A systematic review on elderly mobility,"""the elderly have the highest level of inequality in PT resource distribution"" (p. 2).","Supports the unevenly distributed half directly, documenting that elderly people face the highest transport resource inequality among disadvantaged groups across three decades of research. It does not address community participation in infrastructure decisions: its own framework is top down and metric driven, built from published literature rather than elderly travelers' input, making it a thinner fit for the infrastructure without participation half of the claim.","This review documents that elderly people face the steepest transport inequality among disadvantaged groups, giving quantitative backing to the claim that mobility access has long been unevenly distributed. Its own accessibility centered framework, however, is built from literature rather than elderly voices, illustrating by contrast why participatory approaches matter for defining what inclusion requires.",2024,Equity,"Shashi, Aditya"
Pinski et al.,"California's community transportation needs assessment pilot program, intended to include historically underrepresented groups in transportation planning, largely reproduced the same representation gaps and engagement shortfalls as traditional public participation processes.",https://doi.org/10.1016/j.trip.2024.101114,"The study cannot confirm whether any assessment's recommendations changed actual transportation plans or funding, and it analyzes only California's pilot program, limiting generalizability to other participatory models.","Transportation Research Interdisciplinary Perspectives, 25, 101114","Community transportation needs assessment: a grassroots funded study meant to engage underrepresented residents in identifying transportation needs. Representation gap: participants in planning processes skew older, whiter, and more affluent than the community. Tokenism: participation that solicits input without incorporating it into decisions.",Bridging the gap: Do community needs assessments enhance public participation in transportation planning?,"""urban renewal projects of the 1950s and 1960s that displaced more than 1 million Americans, residents that were disproportionately low-income and Black"" (p. 2).","Directly supports the infrastructure without participation reproduces exclusion half of the claim. It shows that even funded, explicitly inclusive community needs assessments replicate historic representation gaps rather than closing them, and traces this pattern back to the 1950s and 1960s highway projects that displaced low income and Black residents with little say in the process.","Even when agencies fund grassroots, explicitly inclusive needs assessments, this study finds they largely reproduce the same representation gaps as traditional public meetings. It underscores that participation structures, not just their existence, determine whether infrastructure decisions genuinely include disadvantaged communities, grounding the section's exclusion claim in a contemporary case rather than only historical precedent.",2024,Equity,"Shashi, Aditya"
Agrawaal et al.,Interviews with Canadian transportation advocates identify four ways that mobility planning tools and information systems deepen the divide between planners and the public. Path dependence in transportation knowledge infrastructures is a systemic barrier to overcoming these mobility injustices.,https://doi.org/10.1145/3637373,"The sample is limited to advocacy organizations already engaged in mobility justice work in Canada, so it may not capture residents who never reach an advocacy organization at all.","Proc. ACM Hum.-Comput. Interact., 8(CSCW1), Article 96","Mobility justice: Sheller's framework analyzing interacting relations of movement, dividing populations into kinetic elite and mobility poor. Path dependence: how the historical design of planning tools locks in and perpetuates exclusion. Data infrastructure literacy: sensitivity to the social and political contexts data is embedded in.",Moving Towards Mobility Justice: Challenges and Considerations for Supporting Advocacy,"""a conversation that only some people are allowed to be in"" (p. 8).","Directly supports the infrastructure without participation reproduces exclusion half. Advocates describe how technically inaccessible tools, English only materials, and planners' hyper focus on traffic counts over lived experience shut residents out of decisions, echoing the historical divide between the kinetic elite and the mobility poor that mobility justice scholarship names.","This paper grounds the exclusion half of the claim in current advocacy work, showing that technical jargon, English only materials, and planners' narrow traffic metrics reproduce the same divide between decision makers and residents that mobility justice scholarship critiques historically. It introduces path dependence as a mechanism for why exclusionary infrastructure persists.",2024,Equity,"Shashi, Aditya"
Gomes et al.,"Three co-creation focus groups with institutional, technical, and citizen actors in a low-density Portuguese suburb produced eight collaboratively defined mobility strategies spanning pedestrian and cycling infrastructure, transit reliability, and governance. Accessibility, inclusiveness, and institutional coordination emerge as interdependent conditions for equitable mobility transitions.",https://doi.org/10.3390/urbansci10020102,"The case draws on a single suburb and a limited number of focus groups skewed toward older participants, so the strategies are preliminary and unvalidated against underrepresented groups' needs.","Urban Science, 10(2), 102","15-Minute City, Transit-Oriented Development, and Mobility as a Service: proximity based planning paradigms reinterpreted by participants as functional access goals rather than fixed density templates. Co-creation: focus group based collective strategy building across institutional, technical, and citizen stakeholders.","Co-Creating Accessibility-Centred Mobility Strategies in Low-Density Suburban Contexts: Evidence from Coimbra, Portugal","""key to rebuilding trust in public transport"" (p. 22).","Directly supports the infrastructure without participation reproduces exclusion half, showing that treating proximity-based models like the 15-Minute City and TOD as co-created rather than fixed templates surfaces needs, such as trust in transit reliability and safe pedestrian access, that top down planning alone would miss.","This case shows that participatory reinterpretation of proximity based planning models, rather than top down application, is what surfaces suburban residents' actual priorities, though the strategies here reflect mostly older adults and remain unvalidated. It offers a concrete example of co-creation as a mechanism for avoiding exclusionary infrastructure.",2026,Equity,"Shashi, Aditya"
Bailey et al.,"Surveys of transportation professionals and the public reveal an Arnstein Gap, a persistent difference between the public involvement stakeholders experience and what they want in transportation infrastructure planning. The paper proposes structured public involvement, using geovisual decision support tools, to narrow this gap without requiring full consensus.",https://doi.org/10.1080/00045600903364259,"The survey based Arnstein Gap metric captures perceived involvement levels but not whether structured public involvement deployments change actual infrastructure outcomes, and the case studies are limited to a handful of U.S. states.","Annals of the Association of American Geographers, 100(1), 57-86","Arnstein Gap: the measured difference between perceived and desired public involvement on Arnstein's ladder of citizen participation. Structured public involvement: a reflexive, nonconsensual framework using geovisual tools to elicit and respect community cultural values. Procedural justice: attaining spatial justice through fair process rather than fair distribution alone.","Toward Structured Public Involvement: Justice, Geography and Collaborative Geospatial/Geovisual Decision Support Systems","""The Arnstein Gap indicates that the public desire a TI planning and design system that is more directly responsive to public needs"" (p. 7).","Directly supports the infrastructure without participation reproduces exclusion half. The Arnstein Gap quantifies a persistent, measured shortfall in transportation infrastructure decision making that professionals do not fully recognize, and the paper argues this gap is structural to U.S. transportation planning rather than an occasional failure.","This paper offers historical and methodological grounding for why participation gaps in infrastructure planning persist, showing empirically that professionals underestimate the disconnect between desired and actual public involvement. It supports treating infrastructure without participation as a structural, measurable problem, and frames a participatory alternative that need not require full consensus to be legitimate.",2010,Equity,"Shashi, Aditya"
Soliz et al.,"Twenty interviews with disabled people in Montreal and a conceptual counter-cartography approach show that dominant definitions of active travel, limited to biking and walking on foot, exclude wheelchair, scooter, and adapted cycle users. The paper argues infrastructure should center disability justice and disabled people's leadership rather than retrofit universal design standards.",https://doi.org/10.1016/j.trip.2025.101805,"The study draws on 20 interviews in a single city, and the authors call for broader research across more disability communities to inform infrastructural design processes.","Transportation Research Interdisciplinary Perspectives, 36, 101805","Counter-cartography: a mapping method layering policy definitions against interview accounts to expose whose mobility practices get excluded. Disability justice: a framework centering disabled people's leadership, distinct from accommodation focused universal design. Crip time: reframing infrastructure to bend to disabled bodies' pace rather than the reverse.",Centering disability justice in active transportation transitions: A conceptual counter-cartography,"""sidewalks hit hard"" (p. 6).","Directly supports the infrastructure without participation reproduces exclusion half. Montreal's own policy definitions of active travel exclude many disabled people's actual mobility practices, and interviewees describe cycling infrastructure too narrow for tricycles and adapted cycles, showing how planning built without disabled people's input structurally forecloses their access.","This paper shows that official definitions of active travel, not just physical infrastructure, can foreclose disabled people's access, since Montreal's own policy language excludes many disabled mobility practices before infrastructure is even built. It reinforces that centering disabled people's expertise and leadership, not only accommodation, is necessary for genuinely inclusive infrastructure decisions.",2026,Equity,"Shashi, Aditya"
McCullough et al.,"Interviews with 28 Black and people of color transportation professionals in California distinguish performative equity work, which privileges dominant groups' comfort and produces only superficial change, from authentic equity work, which redistributes decision making power and produces measurable change for historically oppressed communities.",https://doi.org/10.1177/03611981231193409,"The study is limited to California and did not achieve representation from Indigenous or tribal transportation professionals despite specific recruitment efforts, limiting the framework's tested scope.","Transportation Research Record, 2678(5), 884-903","Performative equity work: actions or rhetoric that claim to address equity without materially changing outcomes or power. Authentic equity work: sustained redistribution of funding, time, and decision making power to affected communities. Arrested mobility: policing practices that apprehend or harm Black people simply for moving through public space.",Performative versus Authentic Equity Work: An Assessment of Current Practices in Transportation Planning,"""Many communities know the solutions to the challenges they face"" (p. 12).","Supports both halves of the claim. It documents uneven distribution of power and voice among transportation professionals of color within the field itself, and argues that infrastructure and funding decisions made without genuinely redistributing power to communities, not just consulting them, reproduce the same exclusion regardless of stated equity commitments.","This paper reframes community participation as insufficient unless paired with actual redistribution of power and resources, showing that even self identified equity conscious agencies can produce only performative change. It supports the section's exclusion claim by locating the same power imbalance inside the transportation profession itself, not only in public facing planning processes.",2024,Equity,"Shashi, Aditya"
Chen et al.,"A deep learning analysis of infrastructure expenditure and social vulnerability across 394 US municipalities finds infrastructure investment inequality increased from 2010 to 2019 in nearly every sector, and that shifting from population based to equity centered funding allocation would measurably reduce socioeconomic vulnerability.",https://doi.org/10.1016/j.cities.2025.105898,"The model treats infrastructure categories broadly without distinguishing transportation modes, relies on a black box machine learning approach whose internal relationships are hard to interpret, and by the authors' own account still needs community-driven qualitative input.","Cities, 162, 105898",Social Vulnerability Index: a CDC composite measure of socioeconomic disadvantage used to track which municipalities are underserved. Equality centered versus equity centered allocation: distributing infrastructure funds evenly per capita versus targeting funds toward the most vulnerable municipalities.,Assessing equity in infrastructure investment distribution among U.S. cities,"""fosters community engagement and ownership, leading to further improvements in the equitable decision-making process"" (p. 11).","Supports the unevenly distributed half directly, quantifying growing infrastructure investment inequality across a decade and showing which municipalities are shortchanged. It is a thinner fit for the participation half: the framework is data driven and top down, and the authors themselves flag the need to pair it with community engagement to make decisions genuinely equitable.","This paper offers strong quantitative evidence that infrastructure investment inequality has been widening and that equity centered allocation would help close it, reinforcing the section's uneven distribution claim. It is honest about its own limits, though: as a purely data driven model, it cannot substitute for the community engagement the section argues infrastructure decisions actually require.",2025,Equity,"Shashi, Aditya"
Golub et al.,"A 2005 civil rights lawsuit against the Bay Area's Metropolitan Transportation Commission reveals that race neutral regional transit funding, favoring suburban rail expansion over Oakland bus service, reproduced a racialized geography built by decades of earlier overt housing and employment discrimination.",https://doi.org/10.1080/02723638.2013.778598,"The analysis focuses on one metropolitan region and one legal case, and does not evaluate whether newer transit oriented development plans in Priority Development Areas will repeat or interrupt this pattern.",Urban Geography,"Environmental racism framework: analyzes how transportation decisions distribute benefits and burdens along racial lines through exclusion from planning, localized burdens, and unequal mobility access. White noose: the ring of suburban opportunity surrounding racially segregated urban cores. Racism without racists: discriminatory outcomes produced by facially neutral technical criteria layered onto an already segregated geography.","Race, Space, and Struggles for Mobility: Transportation Impacts on African Americans in Oakland and the East Bay","""racism without racists"" (p. 24).","Directly supports both halves of the claim. It documents historically uneven mobility access rooted in de jure discrimination, and shows that even facially race neutral, seemingly participatory regional planning processes reproduced exclusion because minority communities' participation and race equity concerns hit real limits within MTC's decision making.","This paper grounds the section's exclusion claim in a landmark case, showing that race neutral transit funding formulas, layered onto a metropolitan geography built by decades of overt discrimination, can reproduce racial exclusion without any single discriminatory actor. It cautions that formally inclusive planning processes do not guarantee equity when minority participation hits structural limits.",2013,Equity,"Shashi, Aditya"
McCullogh et al.,"A scoping review of 26 studies finds implementation science frameworks exist for active and sustainable transportation interventions, but only nine explicitly address equity, and community engagement, partnerships, and funding operate as both facilitators and barriers to equitable implementation.",https://doi.org/10.1016/j.trip.2026.102020,"Only 26 of over 8,500 screened studies met inclusion criteria, and most frameworks that do address equity were developed for Western contexts, which the review itself notes may not transfer to other institutional settings such as China.","Transportation Research Interdisciplinary Perspectives, 38, 102020","Implementation science: the study of methods and factors that determine whether evidence-based interventions get adopted in practice. Barriers and facilitators: context-specificity, community engagement and participation, partnerships and collaboration, and funding; the same factors can enable or block equitable implementation depending on how they are handled.",Implementation science frameworks for active and sustainable transportation interventions with a focus on equity: A scoping review,"""excluding some from participating bequeaths unequal powers among stakeholders"" (p. 14, McCullogh et al. quoting Al-Sharari, 2022, p. 1316).","Supports the infrastructure without participation reproduces exclusion half, showing that fair representation and participation is necessary for equitable implementation, yet the studies reviewed report groups being actively ignored or deterred by feeling they lack the expertise to engage with complex infrastructure projects, producing unequal power among stakeholders.","This review shows that even when implementation frameworks name community engagement as a success factor, marginalized groups are frequently excluded or deterred from participating, concentrating power among project proponents rather than affected communities. It supports the section's exclusion claim while cautioning that most equity-focused frameworks are Western in origin and may not travel well to other contexts.",2026,Equity,"Shashi, Aditya"
Twardzik et al.,"Transportation injustice is a product of systemic racism and ableism that compounds for people who are both Black and disabled, since public transit systems were built around an ideal rider who is economically secure, able bodied, and white. Dismantling it requires an intersectional, mobility justice approach centering the leadership of those most impacted.",https://doi.org/10.1016/j.dhjo.2025.101848,"The authors note a dearth of evidence at the intersection of race and disability specifically, since disability studies tend to exclude race and race studies tend to omit disability, leaving this population understudied.","Disability and Health Journal, 18, 101848","Transportation injustice: structural conditions that perpetuate inequities, discrimination, and exclusion based on disability, race, class, gender, and age. Intersectionality: overlapping social identities compound rather than simply add experiences of discrimination. Crip Mobility Justice: a framework prioritizing accessibility, interdependence, and abolition of policing alongside physical infrastructure.",Inclusive Mobility: Dismantling transportation injustice at the intersection of race and disability,"""The administration did not seek input from the Department of Transportation, Baltimore citizens, or community groups on this decision"" (p. 2).","Directly supports both halves of the claim. It traces mobility exclusion to slavery, redlining, and highway construction, and gives a concrete contemporary case: Maryland canceling the Black-serving Red Line to fund the whiter Purple Line without seeking input from Baltimore residents or community groups.","This paper grounds the section's claim in a concrete recent case, Maryland defunding the Black-serving Red Line for the whiter Purple Line without community input, while tracing the same exclusionary pattern back through redlining and highway construction. It argues dismantling this requires sharing decision-making power with Black and disabled communities as leaders, not only building accessible infrastructure.",2025,Equity,"Shashi, Aditya"
Johnson et al.,"A literature review of transportation equity research finds that horizontal equity, equal treatment of similar groups, and vertical equity, prioritizing disadvantaged populations, remain inconsistently defined and measured across studies, and that clearer frameworks, better data, and more inclusive decision-making are needed to close this gap.",https://doi.org/10.3390/logistics9020072,"The review draws on a single geographic context, and the authors acknowledge that transportation inequities and appropriate remedies vary substantially by density and region, limiting how directly its recommendations transfer.","Logistics, 9(2), 72","Horizontal equity: equal treatment of individuals or groups with similar needs. Vertical equity: allocating resources based on differing needs, prioritizing disadvantaged groups. Accessibility indices and affordability metrics: quantitative tools used alongside community engagement approaches to assess whether a transportation system is equitable.",Inclusive and Accessible Transportation for All: Strategies for Integrating Equity in Transportation Research,"""Inclusive decision-making processes that involve underrepresented communities will ensure that their voices are considered"" (p. 25).","A thinner fit than most sources in this section: this is a broad measurement focused literature review rather than a case study of participation or exclusion. It touches the unevenly distributed half by cataloging accessibility and affordability metrics, and gestures at the participation half only in its closing recommendation for more inclusive, community-driven decision-making.","This review is useful mainly as a map of how transportation equity gets measured, horizontal versus vertical equity, accessibility indices, affordability metrics, rather than as evidence of participation's role in preventing exclusion. It is included with that caveat: its value here is cataloging the measurement landscape the section's case studies push back against.",2025,Equity,"Shashi, Aditya"
Johnson et al.,"Interviews and field observations with the San Jose Bike Party, a monthly mass cycling ride organized via social media, find participants hold contested and often depoliticized understandings of the event as collective action, complicating claims that social media organizing democratizes civic participation.",https://doi.org/10.1080/11745398.2022.2156363,"The paper does not analyze whether SJBP has produced any actual change in cycling infrastructure, planning, or policy, and the authors explicitly flag this as a needed direction for future research.","Annals of Leisure Research, 27(4), 543-559","Prefigurative politics: enacting the change one advocates for through the form of the collective action itself, here temporarily claiming road space for cyclists. Virtual activism: activism organized through social media platforms, of contested lasting impact. Democratic divide: unequal ability to participate in a movement based on access to its digital organizing platforms.",Is the medium the message? Exploring the intersection of social media and collective action in the San Jose Bike Party,"""the ride route, which is exclusively posted on electronic platforms"" (p. 10).","A thinner fit for this section's specific claim: the study centers a recreational social movement rather than an infrastructure planning process, and most participants did not describe SJBP as political. Its relevance is indirect, since the authors connect it to broader questions of equity, access, and inclusion in cycling infrastructure advocacy, without empirically testing that connection here.","This paper is included as a boundary case rather than a direct source: it studies grassroots cycling collective action, not infrastructure planning, and finds participants' political motives were often muddled rather than clear. Its value to the section is the authors' own gesture toward equity focused cycling infrastructure advocacy, a connection this study raises but does not test.",2024,Equity,"Shashi, Aditya"
Karner et al.,"Despite civil rights and environmental justice mandates, transportation planning continues to disproportionately burden low income and minority communities because public involvement processes rarely give residents real influence over decisions. The paper proposes a three step model: community led identification of needs, dedicated funding to meet them, and community derived metrics to track progress.",https://doi.org/10.1177/1087724X17738792,"The model's case studies are drawn from California, a state with an unusually strong environmental justice advocacy history and well resourced community based organizations, which the authors note may limit transferability elsewhere.",Public Works Management & Policy,"Just process versus just outcomes: meaningful involvement of historically burdened communities versus fair distribution of benefits and burdens. Priority unmet needs: a model of equity grounded in what communities themselves identify as needed, not abstract quantitative equity analysis. Participatory budgeting: dedicating funds directly to needs identified through community deliberation.",Achieving transportation equity: Meaningful public involvement to meet the needs of underserved communities,"""a near-absence of meaningful public involvement through which affected residents can influence and shape decisions"" (p. 2 of the author preprint).","Directly supports the infrastructure without participation reproduces exclusion half. It argues traditional public involvement is a near absence of meaningful engagement, and proposes a concrete alternative in which community identified needs receive dedicated funding, directly linking genuine participation to just infrastructure outcomes rather than treating them as separate.","This paper offers the section's participatory alternative in concrete, actionable form: community identified needs tied to dedicated funding and community derived metrics, rather than public involvement as a box checking exercise. It reinforces that meaningful participation and just outcomes are not separable goals, directly grounding the exclusion half of the claim in an implementable model.",2017,Equity,"Shashi, Aditya"
Mottee et al.,"Case studies of Amsterdam's North-South Metro line and Sydney's Parramatta Rail Link find that technical, model driven transport planning consistently overlooks social impacts, contributing to lost social licence, poor communication, and inadequate protection of affected communities. Social Impact Assessment, applied early, offers a path to better integrate social issues into megaproject planning.",https://doi.org/10.1080/14649357.2019.1696980,"The study examines only two rail megaprojects in wealthy, high capacity planning contexts, Amsterdam and Sydney, so it may understate the barriers to adopting Social Impact Assessment in lower resourced planning systems.","Planning Theory & Practice, 21(1), 39-57","Social Impact Assessment: a framework for anticipating and managing how projects change people's lives, distinct from purely economic or engineering impact models. Social licence to operate: a community's ongoing acceptance of a project, lost through poor communication and unmet commitments. Predict and provide: a quantitative, model driven planning approach criticized for ignoring wider social context.",Limitations of Technical Approaches to Transport Planning Practice in Two Cases: Social Issues as a Critical Component of Urban Projects,"""dilute the capacity of the public to contribute meaningfully to transport planning"" (p. 15).","Directly supports the infrastructure without participation reproduces exclusion half. Both rail megaprojects show that public consultation occurring late in the project lifecycle fails to transfer community input into how social impacts get assessed and managed, diluting the public's capacity to meaningfully shape infrastructure that affects them.","This paper shows, through two concrete megaproject cases, that consultation without a mechanism to feed into actual project design amounts to participation in name only. It reinforces the exclusion claim by tracing the same failure, technical dominance sidelining community input, across two different high income cities, and proposes Social Impact Assessment as a structural fix rather than a procedural add on.",2020,Equity,"Shashi, Aditya"
Klaever et al.,"Focus groups with mobility disabled people and low income women in Berlin's Graefekiez neighborhood find that non-participation in street space reallocation planning stems from feeling excluded and ignored by prior participatory processes, while a purpose built, transdisciplinary research format better reflected residents' lived expertise.",https://doi.org/10.1080/17450101.2024.2426554,"The case study is a single Berlin neighborhood under a specific green party led local government, and the authors note it is not perfectly generalizable to other transport planning contexts.","Mobilities, 20(3), 555-572","Lived expertise: the practical, embodied knowledge structurally disadvantaged people hold about their own mobility needs, distinct from technical planning expertise. Invited versus claimed spaces: participation opportunities designed by authorities versus spaces residents create themselves. Negative political self-efficacy: the learned sense that speaking up in official participatory venues will not lead anywhere.",Lived expertise of the structurally disadvantaged: towards a more just participatory transport planning process,"""I've been talking to and against walls for years"" (p. 11).","Directly supports the infrastructure without participation reproduces exclusion half. It shows concretely how invited participatory spaces, meant to democratize a car space reallocation project, actively discouraged the structurally disadvantaged residents they claimed to include, reproducing the same exclusion the project intended to fix.","This paper offers a vivid, first person account of how official participation processes can actively produce the disengagement they are meant to prevent, directly reinforcing the claim that infrastructure decisions without genuine participation reproduce exclusion. It also models an alternative, a co-designed research format residents experienced as more welcoming and reflective of their lived expertise.",2025,Equity,"Shashi, Aditya"
Pineo et al.,"Interviews with 23 urban development professionals across U.S. cities find a shift toward more explicitly equitable practices, driven less by government initiative than by community-based organizations and residents adopting radical demands for redistributed resources, alongside strategic framing to counter opposition rooted in individualist and racialized cultural mindsets.",https://doi.org/10.1177/00420980261438717,"The study relies on 23 interviews with professionals rather than the residents whose neighborhoods are affected, and the authors note a remaining knowledge gap about the cultural mindsets that drive opposition to equitable development in particular places.",Urban Studies,"Bottom-up transformation: resident and CBO led initiatives that go beyond procedural inclusion to shift actual resource distribution and power. Bootstraps narrative: a cultural myth of unconstrained individual mobility used to oppose equitable investment. Tactical urbanism: temporary, small scale interventions, such as youth-led road redesigns, used to demonstrate what permanent infrastructure change could look like.",Mindsets and actions: Shifts in equitable and sustainable development in U.S. cities,"""this would not have happened"" without the youth-led project, which ""sort of elevated it for [the state agency]"" and ""showed what was possible"" (p. 11).","A moderate fit: transportation is one of several urban development domains covered alongside housing and parks, not the primary focus. Where most relevant, a youth-led tactical urbanism project redesigning a high-fatality road, it shows infrastructure change becoming possible only after community-led action pushed a reluctant state agency, illustrating the participation half concretely though not exclusively about mobility.","This paper is useful mainly for its broader pattern, that community-led pressure, not government initiative, has been the main driver of recent shifts toward equitable urban development, with a concrete mobility example, youth redesigning a dangerous road, illustrating how bottom-up organizing can force infrastructure change agencies would not have pursued alone.",2026,Equity,"Shashi, Aditya"
Di Ruocco,"A literature review of global best practices finds that technology driven mobility solutions, such as MaaS platforms and accessible transit systems, improve equity for vulnerable groups only when paired with inclusive land use planning, affordable design, and active community participation, and that rural regions and non-elderly vulnerable groups remain understudied.",http://dx.doi.org/10.6093/1970-9870/10872,"The reviewed literature is itself urban centric with limited rural evidence and no longitudinal data, and the paper is a review of secondary sources rather than original fieldwork with vulnerable communities.","TeMA - Journal of Land Use, Mobility and Environment, 18(1), 95-112","Mobility-as-a-Service: a digital platform integrating multiple transport modes into one accessible interface. Intersectional mobility vulnerability: overlapping identities such as gender, disability, race, and economic status that compound transportation barriers. Digital divide: unequal access to the devices and connectivity that ICT-based mobility solutions assume users already have.",Mobilising equity. Emerging evidence for integrating vulnerable communities,"""engagement must go beyond consultation, requiring active citizen participation in planning"" (p. 15).","Supports the unevenly distributed half by cataloging how rural regions and multiple vulnerable groups remain underserved despite smart mobility advancements. It touches the participation half more lightly, noting that engagement must go beyond consultation to active participation in planning, without providing its own case study of that shift.","This review is most useful for documenting the uneven distribution half, showing that smart mobility technologies leave rural residents and several vulnerable groups behind despite their promise. Its treatment of participation is brief and aspirational rather than evidenced, so it complements rather than substitutes for the section's more direct participatory case studies.",2025,Equity,"Shashi, Aditya"
Jensen,"Drawing on research into unhoused, disabled, and aging city dwellers, this book argues that mobility injustice is produced by everyday design choices, benches angled to prevent sleeping, high curbs, short pedestrian crossing signals, not only by policy, and asks who the built world is actually designed for.",https://doi.org/10.4324/9781003459729,"Only the introduction and bibliography were available in the extracted preview; the book's empirical chapters on unhoused, disabled, and aging populations, where the fieldwork evidence lives, could not be reviewed here and should be read directly for case level detail.",Routledge (Changing Mobilities series),"Exclusionary design: material and spatial choices, intentional or not, that curb the mobility of vulnerable groups. Mobility justice: a framework asking who has the right to move, treating autonomous mobility as a fiction sustained by hidden assistance and dependency. Design justice: extending questions of justice to the artifacts and spaces that afford or restrict movement.",Mobility Injustice by Design,"""Who is the built world built for?"" (p. 15, Jensen quoting Hendren, 2020).","Directly supports the infrastructure without participation reproduces exclusion half, reframing exclusion as encoded in physical design decisions, hostile benches, curbs, crossing timers, rather than only in planning process or funding. This entry draws only on the book's introductory chapter and bibliography, since the empirical fieldwork chapters were not included in the available preview text.","This book pushes the section's exclusion claim down to the level of material design, arguing that hostile benches, high curbs, and short crossing signals encode exclusion into infrastructure independent of any single planning decision. Only the introductory framing was available here; the book's later chapters presumably supply fieldwork evidence for unhoused, disabled, and aging Copenhageners that would let this claim be checked against lived experience.",2026,Equity,"Shashi, Aditya"
van Holstein et al.,"A focus group of 16 public transport and disability advocacy practitioners in Victoria, Australia finds that Melbourne's privatized, splintered transport network creates cognitive access barriers for people with intellectual disability that no single service provider can fix alone, requiring network wide collaboration and inclusive participation mechanisms.",https://doi.org/10.1080/23800127.2020.1827557,"The study draws on a single one day focus group of practitioners and advocates rather than people with intellectual disability directly, and is limited to one metropolitan transport system in Victoria, Australia.",Applied Mobilities,"Mobility justice: understanding mobility outcomes as generated at the intersection of transport systems and wider social circumstances, here extended to cognitive access. Splintered urbanism: fragmented, privatized transport governance in which competing operators communicate inconsistently. Performative research: a focus group method aimed at prompting collaboration and change, not just recording existing conditions.",Mobility justice and accessible public transport networks for people with intellectual disability,"""too often, people with disability are not paid for their expertise"" (p. 13).","Directly supports the infrastructure without participation reproduces exclusion half. It shows existing participatory mechanisms, access committees and reference groups, systematically underrepresent people with intellectual disability, and argues genuine inclusion requires network wide collaboration across privatized operators plus fair compensation for advocates' expertise.","This paper extends the participation half of the claim to an overlooked group, showing that even disability focused participatory structures in transport planning routinely exclude people with intellectual disability, and that meaningful inclusion requires paid, coordinated, network wide effort rather than one-off consultation. It grounds the claim in a concrete account of how existing inclusion mechanisms quietly reproduce exclusion.",2020,Equity,"Shashi, Aditya"
Jeghers et al.,"Interviews with 13 city planners, transportation employees, and state representatives in North Florida find that funding shortfalls and misaligned priorities among stakeholders, not lack of awareness, are the main barriers to equitable transportation for mobility vulnerable populations, and that new technologies are being piloted without yet translating into improved access for those groups.",https://doi.org/10.3390/futuretransp4040073,"The study interviewed only 13 stakeholders, all transportation professionals, and the authors note responses may be shaped by participants' professional roles or concern about their employers rather than by mobility vulnerable residents' own perspectives.","Future Transportation, 4, 1520-1536","Mobility vulnerable populations: residents below the poverty line, people with disabilities, and older adults with limited transportation options. SWOT framework: strengths, weaknesses, opportunities, and threats used to structure stakeholders' assessment of the transportation system. Smart Cities Collaborative: a multi city initiative piloting technologies like autonomous rideshare intended to reduce transportation disparities.","North Florida Stakeholder Perspectives: Gaps, Barriers, and Facilitators in the Transportation System","""Politicians come and go. They have priorities, and they do not always match [the priorities of multiple stakeholders]"" (p. 7).","A moderate fit for the unevenly distributed half, since it documents professionals' own acknowledgment that funding and priorities are misaligned with mobility vulnerable and minority populations. It is thinner on the participation half: the study centers professional perspectives rather than community members, and stakeholders admit new technologies have not yet been communicated to the users they are meant to serve.","This paper documents uneven distribution from the professional side, showing transportation officials themselves recognize that funding and political priorities leave some communities, especially higher minority areas, underserved. It is a weaker source for the participation half, since it centers professionals' self-assessment rather than mobility vulnerable residents' direct accounts of exclusion.",2024,Equity,"Shashi, Aditya"
Yin et al.,"Survey data from 664 Ningbo, China residents show social participation, not physical infrastructure or technology acceptance, is the strongest predictor of older adults' unmet travel demand, while health barriers and functional capacity constrain trips differently for middle aged and 75-plus age groups respectively.",https://doi.org/10.1016/j.tra.2026.105130,"Only the abstract, highlights, and introduction of this paywalled article were accessible for this review; the methods, results tables, and discussion sections could not be verified against the source text and should be checked directly before citing specific findings.","Transportation Research Part A: Policy and Practice, 211, 105130","Latent travel demand: unmet mobility need operationalized across four dimensions, health barriers, functional capacity, social participation, and technology acceptance. Active aging: a WHO framework treating older adults as active social participants rather than passive recipients of protection.",Quantification of latent travel demand across age groups with a focus on older adults: a theoretical framework with empirical evidence from China,"""age-friendly policy should move beyond physical infrastructure improvement alone"" (p. 2, Abstract).",A thinner fit for this section: the paper documents unmet travel demand among an aging population through quantitative modeling rather than a case of infrastructure built without community participation. It is included as background evidence that equity in older adult mobility may hinge on social participation opportunities rather than only accessible infrastructure.,"This paper is a thin, quantitative complement to the section's argument: it shows that even for older adults, a group facing well documented mobility barriers, unmet travel demand is driven more by social participation opportunities than infrastructure alone. Only the paper's abstract and introduction were available for this review.",2026,Equity,"Shashi, Aditya"
Contreras et al.,"A four month federal funding suspension halted a community engaged research project meant to center environmental justice organizations in California climate and transportation planning, illustrating how federal science funding disruptions directly reduce vulnerable communities' opportunities to shape infrastructure and climate decisions.",https://doi.org/10.1038/s42949-026-00374-5,"As a first person perspective piece about the authors' own disrupted project, it reports process and consequences rather than completed empirical findings on community risk perceptions, since the underlying data collection itself was interrupted.","npj Urban Sustainability, 6, 71",Epistemic justice: valuing community knowledge as a legitimate form of data on par with quantitative measures. Techno-rational planning: transportation planning dominated by quantitative metrics that can miss lived safety and health concerns communities identify directly. Community-informed data tools: indices like CalEnviroScreen that incorporate community perspectives into official risk assessments.,Beyond research delays: science funding disruptions limit community participation in climate and infrastructure planning,"""the street lacks lighting to illuminate the path at night"" (p. 2).","Directly supports the infrastructure without participation reproduces exclusion half, but through a distinct mechanism: federal funding cuts, not just planning process design, can abruptly cut off the pipeline that lets community knowledge enter climate and transportation decision making, disproportionately affecting the vulnerable communities the project was meant to serve.","This paper adds a distinct mechanism to the exclusion claim: federal funding volatility itself can sever the pipeline connecting community knowledge to infrastructure and climate planning, not just weak local process design. It shows concretely how techno-rational transportation metrics miss lived safety concerns communities can name directly, reinforcing why participation must be actively resourced rather than assumed to continue.",2026,Equity,"Shashi, Aditya"
Bailey et al.,"Reviewing environmental justice and public involvement literature, the authors argue transportation agencies have focused on distributional justice, who bears costs and benefits, while under-theorizing procedural justice, and propose four process metrics plus Structured Public Involvement as a large-group method to make public involvement more inclusive and measurable.","https://doi.org/10.3141/2320-13
","The paper is a conference proceedings submission rather than a peer-reviewed journal article, and its proposed Structured Public Involvement approach is illustrated mainly through the authors' own prior projects rather than independent replication.",Transportation Research Board (TRB) Annual Meeting,"Distributional versus procedural justice: the Rawlsian distinction between fair outcomes and fair decision-making processes, the latter chronically under-researched in transportation EJ work. Arnstein Ladder: a scale of public involvement levels used to benchmark how much power a process gives participants. Q-metric: a stakeholder-reported measure of process satisfaction used to evaluate Structured Public Involvement events.",Towards Environmental Justice in Transportation Decision Making using Structured Public Involvement,"""asked the citizens to return to their respective interest organizations and identify only one or two persons"" (p. 16).","Directly supports the infrastructure without participation reproduces exclusion half with a documented example: a Virginia DOT advisory committee that shrank from 70 interested citizens to about 30 hand-picked representatives, held up in agency literature as a model process despite excluding most of the public who showed up.","This paper's VDOT example is a vivid, documented instance of the exclusion the section describes: an agency-praised process that literally turned away most of the public who showed up to keep the group small. It reinforces that procedural justice, not just distributional outcomes, needs its own metrics, since existing EJ practice has focused far more on who bears costs than on whether decision processes are genuinely inclusive.",2012,Equity,"Shashi, Aditya"
Chapman et al.,"Twenty six interviews with people with diverse visible and invisible disabilities in an Australian city find that dignified mobility depends on accessible infrastructure, inclusive information, and respectful staff interactions across an entire journey, and that a single inaccessible link anywhere in that journey makes participants vulnerable to indignity.",https://doi.org/10.1080/09687599.2023.2203307,"The study is limited to bus and train systems in one Australian city and does not examine taxis, light rail, ferries, or air travel, or factors like time of day and trip purpose.","Disability & Society, 39(9), 2375-2399","Dignified mobility experience: a dynamic interaction between personal preferences, impairment specific needs, infrastructure, staff interactions, and information accessibility across a full journey. Compliance based accessibility: standards like the ADA or Australia's Disability Standards for Accessible Public Transport that rely on voluntary or partial compliance, so meeting a broad standard can still exclude people whose needs it did not anticipate.",The dignity experience of people with disability when using trains and buses in an Australian city,"""being treated like everyone else"" (p. 8).","Supports the infrastructure without participation reproduces exclusion half by showing that standards developed without embedding diverse disabled people's specific needs in planning can be formally met while still excluding them, and argues policy mandates for including people with diverse impairments in planning are urgently needed.","This paper treats dignity, not just physical access, as the measure of whether transport infrastructure includes disabled people, and traces failures back to compliance based standards built without disabled people's specific needs embedded in planning. It reinforces that infrastructure designed without participation reproduces exclusion, even when it technically satisfies accessibility law.",2024,Equity,"Shashi, Aditya"
Bahman et al.,"A conceptual literature review argues that AV deployment's environmental sustainability gains and social equity impacts are deeply intertwined rather than separate concerns, and proposes an integrated framework built on proactive planning, meaningful community engagement, and adaptive governance to keep AV deployment from disproportionately burdening marginalized communities.",https://doi.org/10.1016/j.rtbm.2026.101689,"Only the abstract, highlights, introduction, and truncated section previews of this paywalled article were accessible; the full literature review, framework details, and discussion could not be read and should be verified directly before citing specific claims from those sections.",Research in Transportation Business & Management,"Equity-environmental sustainability nexus: the claim that AV emissions benefits and social equity outcomes are interdependent, so optimizing one without the other risks negative net outcomes. Siloed AV research: the paper's diagnosis that policy, planning, and assessment frameworks currently treat equity and sustainability separately. Social equity: fair distribution of benefits and burdens ensuring equal access regardless of socioeconomic status.",The equity-environmental sustainability nexus in autonomous vehicles: An integrated framework for policy and planning,"""ensuring AVs contribute positively to a future that is both green and fair"" (p. 2, Abstract).","A moderate, AV specific fit for the section: it names meaningful community engagement as a required component of just AV deployment, directly echoing the participation half of the claim, though at the level of a conceptual framework proposal rather than an empirical case. Most useful for feeding the broader Mobility as Social Service argument given its direct AV focus.","This paper's main relevance is naming meaningful community engagement as a required element of just AV deployment, directly connecting to the section's participation claim within the AV context central to the broader project. Because only the introduction and truncated section previews were accessible, its literature review and framework specifics should be verified from the full text before being cited in detail.",2026,Equity,"Shashi, Aditya"
Nakshi et al.,"Qualitative interviews in Toronto's Rexdale neighborhood find that repeated experiences of transport poverty, including racism and harassment on transit, shape marginalized residents' travel attitudes and behavior beyond material deprivation alone, and that delayed transit infrastructure investment compounds this by leaving equity-deserving communities without the reliable service needed to sustain positive attitudes toward transit.",https://doi.org/10.1016/j.tra.2025.104475,"The qualitative, cross-sectional study covers a single marginalized population in one Toronto neighborhood, and the authors call for testing the framework quantitatively and in other populations and geographies.","Transportation Research Part A, 196, 104475","Transport poverty: the combined effect of social and transportation disadvantages that limit mobility. Perceived behavioural control: a person's sense of their own capacity to choose a travel mode, shaped by past experience of poverty and discrimination. Affective versus cognitive attitude: emotional responses to unsafe or discriminatory transit experiences that drive behavior more than favorable abstract opinions about transit.",Travelling in the margins: Impacts of transport poverty on travel attitudes and behaviours,"""transportation should be considered as a social policy issue in and beyond Toronto"" (p. 15).","Supports the unevenly distributed half directly through Rexdale residents' lived experience of transport poverty, and touches the participation half by naming repeated, undelivered infrastructure promises, the delayed Finch West LRT and the closed Line 3 subway serving Scarborough, as a pattern of underinvestment in equity-deserving neighborhoods that compounds distrust.","This paper extends the uneven distribution claim into the psychological register, showing that transport poverty shapes not just access but attitudes and trust toward transit, and that repeated delays to infrastructure meant for equity deserving neighborhoods reinforce that distrust. It supports treating transportation as a social policy issue rather than a purely technical one.",2025,Equity,"Shashi, Aditya"
Linovski et al.,"A national survey and interviews with Canadian local elected officials find they have little direct experience with transportation barriers like unaffordability, disability, or harassment, and while they broadly support procedural equity, they are divided on prioritizing marginalized communities in transportation investment, revealing a disconnect from academic and professional equity discourse.",https://doi.org/10.1080/07352166.2025.2507951,"The study surveys elected officials' self-reported values and experience rather than observing actual investment decisions or outcomes, and non-response bias may mean officials less interested in equity were underrepresented.","Journal of Urban Affairs, 48(5), 1506-1526","Procedural equity: fair decision-making process, distinguished from substantive equity, which prioritizes marginalized communities in resource allocation. Technical-rational model: the tendency of transportation research to treat politicians as external to decision-making rather than examining their own values and political context. Fundamental mismatch: a gap between who makes transit decisions and who is most affected by them.",Transportation barriers and equity: Values and experiences of elected officials,"""a fundamental mismatch between who is making key transit decisions . . . and who is most affected by those decisions"" (p. 2, Linovski et al. quoting TransitCenter, 2022, p. 5).",Directly supports the infrastructure without participation reproduces exclusion half by locating the disconnect at the level of who holds decision-making power in the first place. It shows that the people making transportation investment decisions are demographically and experientially unlike the marginalized communities those decisions most affect.,"This paper locates the exclusion the section describes at its source, showing that the officials who control transportation investment decisions rarely share the lived experience of transportation barriers themselves, and are divided on whether to prioritize marginalized communities even while endorsing fair process. It reframes participation not just as who gets consulted but as who governs.",2026,Equity,"Shashi, Aditya"
Zhang et al.,"Using 2017 National Household Travel Survey data and a logit model, this study finds that unmet travel needs among people with disabilities vary sharply by race, gender, poverty, and age, and that Hispanic PWD and disabled stay-at-home mothers report suppressed rather than absent travel needs due to systemic barriers and reliance on community trust over formal services.",https://doi.org/10.1016/j.ijtst.2025.07.009,The analysis relies on a single cross-sectional national survey and infers suppressed need indirectly from reduced travel patterns rather than through direct qualitative accounts of why travel was curtailed.,International Journal of Transportation Science and Technology,"Unfulfilled travel need: reduced travel that reflects suppressed aspirations under systemic barriers rather than satisfied mobility. Intersectionality: overlapping identities, disability, race, gender, poverty, that compound and complicate travel disadvantage in ways single-category analysis misses. Suppressed mobility: travel demand that goes unreported because barriers have taught people not to expect service.",Investigating unfulfilled travel needs for people with travel-limiting conditions using the 2017 National Household Travel Survey (NHTS) data,"""a constrained ability to fulfill their desired travel needs"" (p. 14).","Supports the unevenly distributed half with quantitative evidence that disability intersects with race, gender, and poverty to produce distinct patterns of suppressed travel need, arguing that transportation equity requires proactive, culturally competent outreach rather than only responding to demand that is already expressed.","This paper adds a methodological caution to the unevenly distributed claim: measured travel frequency can hide suppressed need, especially for groups like Hispanic PWD who trust community networks over formal transportation services after learning not to expect accommodation. It argues equity requires actively uncovering suppressed demand, not just responding to requests already made.",2025,Equity,"Shashi, Aditya"
Wander et al.,"Reviewing U.S. transportation policy and mobility justice theory, this paper argues Universal Basic Mobility should combine three elements, treating mobility as essential to well-being, targeting resources toward those facing transportation insecurity, and pairing subsidy with adequate service, to avoid repeating past piecemeal, single-mode policies that failed to reduce poverty.",https://doi.org/10.1080/01441647.2025.2574358,"The paper is a conceptual policy review rather than an empirical evaluation of any specific UBM pilot program, so its three-part framework has not yet been tested against outcomes data.","Transport Reviews, 46(3), 345-365","Mobility justice: an expanded understanding of mobility as freedom of movement and capability, not just travel speed, central to societal participation and power. Targeted universalism: providing resources unevenly, prioritizing those experiencing transportation insecurity, rather than distributing identical resources to everyone. Transportation insecurity: inability to move safely or in a timely way, concentrated among low income, non-White, and disabled populations.",The promise of Universal Basic Mobility,"""mobility resources are unevenly distributed, so the state must target such resources"" (p. 14).","Supports the unevenly distributed half by tracing transportation insecurity to historical disparities in car access along race and income lines, and connects to the participation half by arguing mobility justice requires centering the voices of those experiencing transportation disparities rather than designing policy around a single mode.","This paper offers the section a policy level articulation of both claim halves: transportation insecurity is unevenly distributed along race and income lines rooted in decades of car access disparities, and mobility justice requires centering the voices of those most affected rather than designing policy around a single mode. It positions Universal Basic Mobility as a concrete framework for practice.",2026,Equity,"Shashi, Aditya"
Mouratidis,"A narrative review of built environment and subjective well-being research since 2021 finds that public transport investment supports well-being and reduces social exclusion, but can also trigger transit-led gentrification and displacement of economically vulnerable residents, while private car access benefits individual users at the cost of collective health and equity externalities.",https://doi.org/10.1016/j.cities.2026.107404,"As a narrative rather than systematic review, study selection relied on the author's framework and judgment, may exclude relevant studies with a less obvious fit, and draws mainly on English-language research underrepresenting the Global South.","Cities, 178, 107404","Pathways framework: a conceptual model linking built environment attributes to subjective well-being through life domains like accessibility, work, and social relationships. Transit-led gentrification: new public transport investment attracting more affluent residents and raising housing costs, eroding accessibility benefits meant for existing lower income residents. Mobility-related exclusion: reduced social participation and well-being for those without car access in car-oriented environments.","Urban planning, the built environment, and subjective well-being: A review of recent research advances","""Planning processes could include participatory approaches which enable the representation of diverse voices"" (p. 12).","A broad, thinner fit for this section: transportation is one of five review categories in a wide-ranging well-being literature synthesis rather than a dedicated case study. It is most useful for the unevenly distributed half, documenting transit-led displacement and mobility exclusion for non-drivers, and briefly names participatory planning as a needed but underused equity tool.","This review's main relevance is documenting that even beneficial transit investments can produce uneven well-being outcomes through displacement, and that the literature calls for participatory planning to represent diverse voices in built environment decisions. As a broad synthesis spanning far beyond transportation, it functions as supporting context rather than a dedicated case for this section's participation claim.",2026,Equity,"Shashi, Aditya"
Situ,"A multidimensional framework combining household housing and transportation cost burden with individual level health, safety, comfort, accessibility, and time constraints finds that low income households in car dependent central Texas suppress travel demand, and that Black and Hispanic single mother households experience disproportionately severe intra-personal travel constraints.",https://doi.org/10.1016/j.tranpol.2025.103857,"Only the abstract, highlights, and introduction of this paywalled article were accessible; the full methodology, results tables, and discussion could not be read and should be verified directly before citing specific quantitative findings.","Transport Policy, 174, 103857","Housing and Transportation Cost-to-Income Ratio: a household level affordability measure combining housing and travel costs against income. Intra-personal Travel Constraints propensity: an individual level model estimating the probability of facing health, safety, comfort, accessibility, or time barriers to reaching desired destinations. Suppressed travel demand: reduced travel driven by constraint rather than preference.",Who faces travel constraints? Analyzing household and individual travel challenges in automobile-dependent central Texas,"""single-mother households displayed distinct patterns of constraint"" (p. 2, Abstract).","Supports the unevenly distributed half with a granular, intersectional account of who bears travel constraints in an automobile dependent region, showing race and gender compound to concentrate the most severe constraints among Black and Hispanic single mothers, and that expanding non-automobile options is necessary to address it.","This paper adds fine-grained, intersectional evidence to the uneven distribution claim, showing that in a car dependent region, travel constraints concentrate most severely among Black and Hispanic single mother households once both affordability and personal barriers are measured together. Only the paper's abstract and introduction were available for this review.",2025,Equity,"Shashi, Aditya"
Karner et al.,"The authors argue transportation planning should shift from state-centered equity analyses, which mostly measure and reform how benefits and burdens are distributed, toward transportation justice, which demands structural redistribution of political power and resources and treats residents' active participation in decisions as essential, drawing on hybrid case studies where community organizing reshaped state planning outcomes.",https://doi.org/10.1177/0885412220927691,"The hybrid case studies described are exceptional, well-organized regional coalitions capable of contending with state agencies on their own terms, so the paper's own examples suggest this level of organizing capacity may not be replicable everywhere.",Journal of Planning Literature,"Transportation equity versus transportation justice: equity as reform of distribution within existing state processes, justice as transformation of the structures and power relations producing inequity. Pro forma public involvement: participation processes solicited to satisfy legal requirements that are unlikely to affect final decisions. Hybrid state and society-centric strategies: community organizations using state planning processes and technical analyses to win real concessions.","From transportation equity to transportation justice: Within, through, and beyond the state","""it is often pro forma, and its results are unlikely to affect ultimate decisions"" (p. 3 of the author manuscript).","Directly and centrally supports the infrastructure without participation reproduces exclusion half, and gives concrete counter-examples of genuine participation's effect: a Fresno community-led needs assessment that exposed how little transit access reached identified disadvantaged communities and won a dedicated grant program, and a Bay Area community-developed equity scenario that outperformed the regional agency's preferred plan and won funding concessions.","This paper offers the section's clearest theoretical statement of the exclusion claim, distinguishing equity as reform from justice as transformation of power, and backs it with two concrete wins, Fresno's community-led needs assessment and the Bay Area's community-authored equity scenario, where organized participation changed what got funded and built. It also cautions that such wins required unusually well-organized coalitions.",2020,Equity,"Shashi, Aditya"
Cha et al.,"Using a Maximal Covering Location Problem model applied to Hilliard, Ohio, this study finds that adding roughly 26 to 36 new bus stops chosen through spatial optimization can increase transit access coverage for origin- and destination-based transport disadvantaged areas by around 70 to 78 percent.",https://dc.uwm.edu/ijger/vol7/iss1/2,"The model treats equity solely as spatial coverage and demand estimated from data, with no field validation of whether the transport disadvantaged residents identified would actually use or want the proposed new stops.","International Journal of Geospatial and Environmental Research, 7(1), Article 2","Transport disadvantaged: people who need public transportation because they lack access to personal vehicles, often left unserved by transit built around able bodied commuters. Maximal Covering Location Problem: an optimization model that selects facility locations to maximize coverage of a defined demand. Bi-objective model: weighting origin-based and destination-based demand together to find stop locations serving both simultaneously.",Enhancing Equity in Public Transportation Using Geographic Information Systems and Spatial Optimization,"""some people are excluded from the right of mobility and accessibility"" (p. 3).","A thin fit for this section: the paper is a purely technical GIS optimization study demonstrating how facility placement can mathematically improve coverage for transport disadvantaged areas, but it does not address community participation in decisions at all, illustrating the kind of top-down, technically-defined equity analysis the section's argument pushes against.","This paper exemplifies the technical, top-down equity analysis the section contrasts with participatory approaches: it optimizes bus stop locations mathematically to improve coverage for transport disadvantaged areas without any described role for affected residents in defining need or reviewing outcomes. It is useful as a contrast case showing what equity work looks like when treated as a spatial optimization problem alone.",2020,Equity,"Shashi, Aditya"
Pan et al.,"A systematic review of academic papers, agency reports, and TRB conference materials finds that equity remains inconsistently integrated into transportation scenario planning, especially for newer scenarios involving emerging technology, and recommends embedding vertical equity analysis and advanced community participation techniques throughout all four phases of the scenario planning process.",https://doi.org/10.1016/j.tranpol.2023.10.015,"As a review of existing literature and conference materials, the paper's policy recommendations are not yet tested through implementation, and the reviewed practices themselves varied widely in rigor and are unevenly documented.",Transport Policy,"Vertical equity: allocating costs and benefits based on differing mobility needs, income, and structural inequalities, distinct from horizontal equity's equal treatment of similar groups. Scenario planning: a multi-step process generating and evaluating multiple possible transportation futures rather than one forecast. Community participation as justice-building: training community members in the planning process itself so input can shape long-term plans, not just react to them.",Integrating equity in transportation scenario planning: A systematic review,"""how their participation can affect long-term plans"" (p. 21).","Directly supports the infrastructure without participation reproduces exclusion half, citing Karner et al.'s point that community participation in scenario planning must go beyond collecting opinions to teaching communities how the process itself works, so their input can actually shape long-term plans rather than being collected and set aside.","This review reinforces the exclusion claim by showing equity, especially community participation, remains inconsistently built into transportation scenario planning, with newer technology-focused scenarios like electric vehicles particularly likely to skip equity analysis. It draws on Karner et al.'s argument that real participation requires teaching communities the planning process itself, not just soliciting opinions.",2024-01-01 00:00:00,Equity,"Shashi, Aditya"
Vanderschuren et al.,"A policy inventory across 29 African countries and a South African household survey case study find that most transport policies omit or only superficially address people with disabilities, and that South Africans with disabilities take 27 to 66 percent fewer weekly trips than non-disabled residents, evidence of social isolation produced by policy neglect.",https://doi.org/10.1186/s12961-021-00775-1,"The authors explicitly state they did not investigate the actual role of community leaders, NGOs, and lobby groups in African transport planning, and recommend this as a direction for future research rather than something this study demonstrates.","Health Research Policy and Systems, 19, 124","Universal design: designing environments to be usable by the greatest range of people, contrasted with policies that address disability only superficially. Transport justice framework: an approach linking space and mobility to accessibility that the authors note tends to overlook how differently embodied people interact with infrastructure. Trip frequency as isolation measure: using reduced trip-making as a quantitative proxy for social exclusion.",Inclusive planning: African policy inventory and South African mobility case study on the exclusion of persons with disabilities,"""people with disability live less integrated, more isolated lives"" (p. 10).","Supports the unevenly distributed half with cross-national policy evidence and South African trip-rate data showing severe disability related mobility gaps. On participation, the paper recommends including community leaders, NGOs, and disability advocacy groups in ongoing infrastructure projects but explicitly acknowledges it did not investigate their actual role, leaving this a recommendation rather than documented evidence.","This paper documents severe, quantified disability-related mobility gaps across Africa rooted in policy neglect rather than only infrastructure, supporting the uneven distribution half with concrete trip-rate evidence. Its own honesty about not yet studying community leaders' and disability advocates' actual role in planning marks where the participation half still needs direct empirical grounding.",2021,Equity,"Shashi, Aditya"
Sutcliffe et al.,"Interviews with transit officials across six Ontario transit authorities find that pandemic-driven service cuts disproportionately harmed low-income and marginalized riders, and that officials, aware of transit equity concerns, had little practical ability to consult transit users before making rapid cuts, most starkly in Windsor's unilateral shutdown of all transit service.",https://ssrn.com/abstract=3977617,The paper centers transit officials' own accounts of their decision-making rather than interviews with the low-income and marginalized riders who bore the impact of service cuts directly.,SSRN Working Paper,"Transit equity: ensuring public transit service changes do not disproportionately burden those who depend on transit most. Emergency decision-making: rapid, top-down authority, such as a mayor's Emergency Measures Bylaw, that bypasses normal consultation processes during a crisis. Transit poverty: a state in which loss of affordable transit forces reliance on far more expensive alternatives like taxis.",Transit Equity in the Face of the COVID-19 Pandemic: A Study of Six Ontario Transit Authorities,"""Transit groups and users were not consulted prior to this decision being taken"" (p. 18).","Directly supports the infrastructure without participation reproduces exclusion half with a stark example: a mayor's unilateral, unconsulted decision to shut down an entire transit system, using emergency powers, left thousands without transportation and sparked public opposition, even though officials elsewhere in the study expressed awareness of and concern for transit equity.","This paper gives the section a sharp, real-time example of the exclusion claim: a mayor's unilateral, unconsulted shutdown of an entire transit system left thousands without transportation, even as officials elsewhere expressed genuine concern for transit equity. It shows that good intentions among decision-makers do not substitute for actual consultation when speed overrides participation.",2021-12-04 00:00:00,Equity,"Shashi, Aditya"
Grasso et al.,"Survey analysis in Baltimore finds people of color, women, low-income, less-educated, and unemployed residents are underrepresented in Baltimore Bike Share membership, with race and gender specifically associated with distinct barriers, safety concerns for women and difficulty riding with children or cargo for nonwhite residents, that uniform system design does not address.",https://doi.org/10.3390/su12187600,"The non-user survey has a small sample size that limited the ability to detect effects for some demographic subgroups, and nonresponse bias likely underrepresents residents without regular email access or who are not native English speakers.","Sustainability, 12(18), 7600","Vertical equity: the fair distribution of costs and benefits among groups differing by income or social class, applied here to bike share access. Equity of opportunity versus equity of outcome: whether adequate access has been provided versus whether usage rates actually reflect community demographics. Bike share barriers: safety, personal hygiene, harassment risk, and cargo or child-carrying needs that vary systematically by race and gender.","Bike Share Equity for Underrepresented Groups: Analyzing Barriers to System Usage in Baltimore, Maryland","""one of the biggest barriers to biking, across all demographic categories, is concern about personal safety"" (p. 12).","Supports the unevenly distributed half by quantifying who is left out of a specific mobility system and why, and touches the participation half through its policy recommendation for grassroots community outreach, ambassador programs, and community-based design input to reach underrepresented groups rather than relying on system design alone.","This paper shows that even a supposedly universal mobility service like bike share reproduces exclusion when designed around a narrow user profile, and that closing the gap requires more than infrastructure alone, community outreach and ambassador programs targeted at underrepresented groups. It supports the uneven distribution half with quantified racial and gender specific barriers.",2020,Equity,"Shashi, Aditya"
"Baumann, K., Caldwell, B., Bar, F., & Stokes, B.","This paper argues that speculative urban technologies (including self-driving cars) should be co-designed with residents through long-term community storytelling, because doing so builds a community's lasting capacity to shape its own technological future rather than having that future imposed on it.",https://doi.org/10.1145/3170427.3186601,"As a one-page extended abstract, it gives little detail on the analysis method or on whether the workshops produced any lasting change for the neighborhood, so it can't fully evidence the durability it claims.",Extended Abstracts of the 2018 CHI Conference on Human Factors in Computing Systems,"Participatory design fiction: combining real community participation with fictional/speculative technology concepts, so residents react to and reshape a not-yet-real tech.
Infrastructures of the imagination: the idea that a community's ability to picture and steer its own future is something you can deliberately build up, like infrastructure.
Community storytelling: residents author their own scenarios about future tech, instead of researchers authoring them on their behalf.",Community storytelling for speculative urban technologies.,"""By grounding speculative designs in a community context, students and residents imagined novel technologies"" (Abstract)","This is one of the closest existing precedents for exactly what we did - residents used workshops and a speculative self-driving car concept to shape technology on their own terms, in a community under outside pressure. It directly supports our thread by showing that a speculative AV provocation run through community workshops is a proven way to surface what a community values, which is the core of our ""arrives without their participation"" critique.","The literature makes a strong case that workshops paired with a speculative provocation were the right way to surface community values around AVs, a technology that isn't here yet. You can't interview people about something they've never used, and Liao and Muller show why: when a technology isn't part of everyday life, a fictional version is what draws values out. Wong, Omori and Lim, and Sörries prove the mechanism works; a believable speculative artifact gets people treating it as real and voicing values a survey would miss, and structured workshops turn those values into actual design requirements. Baumann, Van Wynsberghe, and Severs show this already working in real AV workshops, while Tan and Aranda-Muñoz show it holding up in other fields, from social service to healthcare. And it matters: Forlano and Mathew show that the friction a speculative provocation creates, like pushback, confusion or reframing, is exactly where values surface, not a flaw in the method. Still, the method isn't automatic; Barendregt warns that most participatory work only includes experts, not the affected public, which is exactly why running real workshops with pantry users, not just experts, was the right choice.",2018,Participatory Method,Mariya
"Van Wynsberghe, A., & Guimarães Pereira, Â.","This paper argues that autonomous vehicles are being built to solve a different problem than the mobility problem people actually have, and that only participatory speculative workshops with citizens reveal this mismatch, because when citizens imagine their own futures, they redefine mobility on their own terms rather than the industry's.",https://doi.org/10.1057/s41599-022-01209-1,"Their participants were largely people who attended EU public-engagement events, so the sample doesn't specifically reach the transport-excluded, service-dependent population (like Arthur) that our project centers on.","Humanities and Social Sciences Communications, 9, Article 284","Futures Making Ateliers: group workshops using Lego, cards, and physical objects to help citizens imagine and prototype alternative mobility futures.
MacGuffin: a device that isn't the real point but sets the story in motion; they argue the AV worked this way, as a prompt that got people imagining alternatives rather than as the actual subject.
Material deliberation: using physical objects in workshops so that non-expert, embodied knowledge gets included in debates usually dominated by experts.",The politics and imaginary of 'autonomous vehicles': A participatory journey.,"""Such engagement activities should play a central role in policy-making involving technological innovations, as these results showcase how participants’ experiences can allow for a variety of outcomes and solutions to be considered without falling prey to technological ‘solutionism’."" (""Alternative mobility futures for Europe"" section)","This paper is both a direct precedent for speculative AV workshops with citizens and a mirror of our core finding since that efficiency-driven industry visions of AVs don't match what communities actually value. It strongly supports our thread: the workshop-plus-speculative-provocation method is precisely what surfaced the gap between the industry's ""what AVs are for"" and the community's own mobility concerns.",,2022,Participatory Method,Mariya
"Severs, R., Wu, J., Diels, C., Harrow, D., Singleton, J., & Winsor, R.","This paper argues that transport-excluded groups hold specific, identifiable design needs for shared autonomous vehicles that mainstream AV design misses, and that participatory workshops are the necessary method for surfacing those needs, since these groups have no direct experience of the technology to draw on otherwise.",https://dl.acm.org/doi/epdf/10.1145/3544999.3554787,"With only 11 participants across four workshops, and a focus on vehicle interiors rather than the wider service system, it doesn't address how AV deployment reshapes community-level access or governance which is the infrastructure-scale question our argument foregrounds.",Adjunct Proceedings of the 14th International Conference on Automotive User Interfaces and Interactive Vehicular Applications,"Journey mapping: participants walk through what a typical trip currently looks like for them, exposing where existing mobility breaks down.
Transport exclusion: the framing that certain groups are structurally locked out of mobility, making it a design and equity problem rather than a personal one.
Participatory design activity: hands-on co-design where excluded participants generate their own solutions for a technology they've never used.",Imagining an inclusive future for shared autonomous vehicle interiors: A participatory design workshop study,"""Participatory design was used in the second phase of the work-shops to engage participants in considering future scenarios and developing ideas for how SAVs could be made more inclusive"" (2.3 Participatory Design Section)","This is the closest paper in terms of method, with the same technology (AVs), same kind of underserved population, same multi-workshop approach with a not-yet-experienced technology. It directly supports our thread by proving the workshop method already produces real, usable design insight with exactly the kind of participants and technology our project involves.",,2022,Participatory Method,Mariya
"Tan, Y., Soh, K.X., Zhang, R., Lee, J., Meng, H., Sen, B., & Lee, Y.-C.","This paper argues that a not-yet-embedded technology in a social service setting must be co-designed with frontline practitioners through workshops, because only that process surfaces their real concerns; over lost skills, overreliance, and threats to the human core of the profession; early enough to shape the design.",https://dl.acm.org/doi/epdf/10.1145/3706599.3719736,"All participants came from two agencies in a single country, and the study is about AI casework tools rather than mobility, so its value for us is in the method and the pattern of practitioner concern, not in the specific technology.",Extended Abstracts of the CHI Conference on Human Factors in Computing Systems (CHI EA '25),"Two-stage participatory design: The study’s overarching methodology, Stage 1 being co-design workshops to build a prototype, and Stage 2 including contextual inquiry where practitioners test it on real cases.
Boundary work: the line practitioners draw between ""monotonous"" administrative labor and the ""professional, knowledge-based"" work they see as core to their identity, which new tech threatens to cross.
Overreliance: the risk that workers lean on the tool's output without critical checking, especially junior staff.",Empowering social service with AI: Insights from a participatory design study with practitioners.,"The centre director (D1)quoted, ""One of our concerns is... [will using this AI] actually dis-able our ability to make assessments?"" (Section 4.2.4)","This is our strongest domain-matched precedent covering social service, the same context SECS operates in. It supports our thread by showing that workshops with frontline social service workers reliably surface exactly the relational-trust and human-connection concerns that our own Seniors & Volunteers and Stakeholder workshops raised, reinforcing that these values only emerge through participatory methods, not from studying the technology alone.",,2025,Participatory Method,Mariya
"Aranda-Muñoz, Á., Bozic Yams, N., & Carlgren, L.","This paper argues that combining speculative design with artistic intervention across a series of workshops actively strengthens participants' sense of agency over their own future, meaning speculative workshops don't just collect opinions, they change participants' relationship to a future being shaped around them.",https://doi.org/10.1016/j.futures.2025.103549,"Its institutional setting (a formal training center) is more controlled than a community-based food pantry context, so it doesn't speak to running speculative workshops with an underserved, non-professional population.","Article: 103549
Volume 166","Speculative Design: A practice that uses design not to solve immediate problems, but to create ""diegetic prototypes"" that open up discourse and allow people to question preferable futures
Design Fiction: A form of speculative design that uses a collection of artifacts to build a fictional world, helping participants explore alternative realities and assess current practices
Experiential futures: futures that participants feel and enact in the moment, rather than discuss in the abstract.",Co-experiential futuring: Where speculative design and arts meet futures studies,"""The core idea behind speculating through design is not to predict and present how things will be or solve a particular problem, but to open up the design situation and discourse so people can discuss and question alternative and preferable futures"" (Section 2: Collaborative design futuring and experiential futures)","Though not about AVs, this supports our thread by proving the workshop-plus-speculation method reliably works in a completely different domain (healthcare-worker training), which answers the obvious objection that our method only worked because of our specific context. It's our generalizability evidence for choosing workshops over interviews.",,2025,Participatory Method,Mariya
"Liao, Q.V., & Muller, M.","This paper argues that when a technology isn't yet part of people's everyday lives, the only adequate way to inquire into stakeholders' values is to fuse participatory design with design fiction, because neither studying current practice nor speculation alone can surface values about a technology that doesn't yet exist.",https://arxiv.org/pdf/1912.07381,"Its own case study is very small (six volunteers and one short workshop), so it offers a well-argued rationale for the method but only preliminary evidence that it works at scale.",IBM Research,"Value Sensitive Design (VSD): an established HCI approach for accounting for human values throughout the design process, not just performance and usability.
Participatory Design Fictions (PDF): their core framework: a method for soliciting stakeholder input through ""strategically incomplete fictions"", stories that establish a setting and characters but end prematurely at a critical decision point.
Grounded Theory: A qualitative analysis method used to identify conceptual categories and value themes within the collected stories",Enabling value sensitive AI systems through participatory design fictions,"""PD thus embodies moral commitments to diverse human values, meanwhile a more descriptive, bottom-up approach to integrate them in technology design."" (Participatory Design Section)","This is the paper that names and justifies our exact method, just applied to AI rather than AVs - we could not interview pantry users about a non-existent AV, so we did what this paper prescribes: brought in real stakeholders and gave them a speculative version to react to. It is our direct answer to ""why not just run interviews.""",,2019,Participatory Method,Mariya
"Barendregt, L., Bendor, R., & van Eekelen, B.F.","This paper argues that participatory futuring, despite its democratic rhetoric, mostly includes only experts and professionals rather than affected publics, and that even when publics are involved the process is often not designed to genuinely empower them.",https://doi.org/10.1016/j.futures.2024.103346,"As a review of published academic work, it captures only what has been formally written up, missing informal or community-led engagement that never reached publication.","Journal: Futures, 158, Article 103346.","Participatory futuring: collective activities in which people imagine and deliberate over possible futures.
Arnstein's ladder of citizen participation: a classic scale of how much real power participants hold, from token consultation to genuine control; they argue futuring can empower in ways this ladder misses.
The 'subject of the future': an identity position that could make participation more generative, by casting participants as authors of the future rather than data sources.",Public participation in futuring: A systematic literature review.,"""While establishing the scope of our study we found that much participatory futuring is only inclusive of experts and professionals, and during the study we found that a majority of participatory futuring with publics involves them alongside people participating in an expert or professional capacity."" (Section 6.1, ""How inclusive?"")","This review supplies field-level evidence that our project's decision to include pantry users and volunteers directly, not only SECS staff or experts, is a genuinely stronger and less common move, which backs our ""passive users vs stakeholders"" sub-point with more than opinion. It positions our participatory choice as filling a documented gap in the field.",,2024,Participatory Method,Mariya
"Forlano, L., & Mathew, A.","This paper argues that combining speculative and participatory design for urban technology should aim for ""friction""; deliberate moments of disagreement, resistance, and reframing among stakeholders; because it is precisely in that friction that people's embedded values become visible and contestable.",Paper Link,"Its stakeholders are mixed policy actors rather than a specifically underserved community, so it doesn't address the power asymmetries between participant types that a food-pantry context makes central.","Journal of Urban Technology, 21(4), 7–24.","Design friction: deliberately built-in resistance or disagreement in a design process, treated as productive rather than as a failure.
Participatory Workshops: A series of five-hour workshops where participants used design fiction to move past today's technical constraints and focus on human values.
Designing Policy Toolkit: A large-format visual poster that serves as a ""boundary object"" to bridge the gap between scientific experts, policymakers, and citizens. It explains concepts like value-sensitive design and provides a methodology for collaborative workshops.",From design fiction to design friction: Speculative and participatory design of values-embedded urban technology.,"""this paper introduces the term design friction to capture a range of examples of the ways in which tension, conflict, or disagreement allowed for the discussion of urban tech-nology to move out of the “black box” and into prototyping alternative possible futures and questions rather than problem solving for today’s challenges."" (Conclusion Section)","This gives a name and a rationale to the ""breakdown moments"" in our own workshops, like the points where our speculative AV concept met resistance, confusion, or reframing. It supports our thread by reframing that friction not as a flaw in the method but as the exact mechanism through which community values (and their misalignment with efficiency logic) surface.",,2014,Participatory Method,Mariya
"Omori, M., & Lim, Y.","This paper argues that a single believable speculative prototype, even a fake but plausible product website, can function as a public-facing tool that provokes people into reflecting on their own values around an emerging technology, rather than merely eliciting their opinion of a product.",https://doi.org/10.21606/iasdr.2025.823,"It's a single design case with no formal participant study attached, so it can't tell us how reactions were gathered or how the method holds up with a real, diverse community.","Paper, IASDR 2025: Design Next.","Diegetic prototype: a fictional artifact built to feel like it belongs to a real, believable world (borrowed from Kirby's film-studies concept).
Value Elicitation: using the prototype specifically to surface concerns like privacy, autonomy, and control, not usability.
Speculative Realism: treating design as inquiry that expands what's imaginable rather than solving a predefined problem.",Design futuring through diegetic prototypes: Provoking value reflection on emerging technologies.,"""We need infrastructures for value reflection - spaces where people can meaningfully examine not just technologies, but the human values being reinforced, challenged, or eroded. Diegetic prototypes, when paired with thoughtful facilitation, offer one such infrastructure."" (Ch.6 - Conclusion)","This paper isolates the specific mechanism our other sources only imply, that is - how a speculative artifact pulls values out of people, which directly justifies our decision to build a speculative AV provocation rather than survey or interview participants. It's less direct (a single case study, no community workshop), but it names the engine that makes our provocation work.",,2025,Participatory Method,Mariya
"Sörries, P., Leimstädtner, D., & Müller-Birn, C.","This paper argues that a structured, multi-phase participatory workshop can reliably convert vulnerable stakeholders' stated values into concrete design requirements, demonstrating that value elicitation through workshops produces actionable design direction rather than just discussion.",https://doi.org/10.1145/3637293,"Only three workshops in a single healthcare and legal context (GDPR-bound Germany), so the four-phase method's transferability to a mobility or food-pantry setting is untested.","Proceedings of the ACM on Human-Computer Interaction, 8(CSCW1), Article 16.","Participatory Value Elicitation: a four-phase workshop method built specifically to draw out and then translate participants' values into requirements.
Value Sensitive Design (VSD): the same foundational values-in-design framework Liao & Muller build on, here operationalized in a real workshop.
Reflective Design: deliberately surfacing the usually-unconscious values a technology carries by having participants reflect on alternatives.",Advocating values through meaningful participation: Introducing a method to elicit and analyze values for enriching data donation practices in healthcare.,"""Finally, we emphasize that our workshop concept enabled participants to recognize the ambivalence of values"" & ""In other words, values illuminate personal experiences and are closely linked to them, thus offering valuable insights for technology design."" (Section 5.2 Reflections on the Suitability of our Method)","This is the clearest evidence on our list that the workshop-to-values-to-design pipeline actually closes; that values surfaced in workshops become real design requirements, not just talk. It directly supports our thread's implicit promise: that the community concerns our workshops surfaced (equitable access, relational trust, flexibility) can concretely inform how AV-related infrastructure should be designed.",,2024,Participatory Method,Mariya
"Wong, R.Y., Mulligan, D.K., Van Wyk, E., Pierce, J., & Chuang, J.","This paper argues that a workbook of speculative design fictions can serve as a deliberate ""values lever"" that surfaces people's underlying social values about an emerging technology, meaning speculative artifacts are an active tool for eliciting values, not just a passive stimulus to react to.",https://doi.org/10.1145/3134746,"Participants were an expert population (graduate students training as tech professionals), not an underserved community, so we can't assume the workbook effect transfers identically to food pantry users without adaptation.","Proceedings of the ACM on Human-Computer Interaction, 1(CSCW), Article 111.","Speculative Design Workbook: a collection of speculative design proposals assembled to help people explore and reflect on a design space, not to pitch a real product.
Values levers (from Shilton): anything that shifts a conversation to foreground values and treat them as central to design; they argue their workbooks acted as one.
Privacy By Design (PBD): embedding privacy protections into products during design, ratherthan retroactively",Eliciting values reflections by engaging privacy futures using design workbooks.,"""Critical, speculative, and value-centered design approaches can be used to elicit reflections on relevant social values early in product development"" (Abstract Section)","This is our strongest, award-winning proof that a speculative artifact deliberately elicits values rather than merely provoking a reaction, which is the precise justification for why we built a speculative AV provocation instead of asking participants directly. It anchors the ""why this method"" core of our thread.",,2017,Participatory Method,Mariya
